,start_station,end_station,size,Unnamed: 0,index,start_station_Latitud,start_station_Longitud,end_station_Longitud,end_station_Latitud,travel_time,hour_time,mes
0,49,49,50,288,288,40.4060497,-3.6992427,-3.6992427,40.4060497,870,2020-04-22T09:00:00Z,2020/1/01
1,49,49,50,1392,1392,40.4060497,-3.6992427,-3.6992427,40.4060497,1086,2020-04-23T16:00:00Z,2020/1/01
2,49,49,50,4758,4758,40.4060497,-3.6992427,-3.6992427,40.4060497,8,2020-04-27T18:00:00Z,2020/1/01
3,49,49,50,4759,4759,40.4060497,-3.6992427,-3.6992427,40.4060497,15,2020-04-27T18:00:00Z,2020/1/01
4,49,49,50,4761,4761,40.4060497,-3.6992427,-3.6992427,40.4060497,20,2020-04-27T18:00:00Z,2020/1/01
5,49,49,50,4768,4768,40.4060497,-3.6992427,-3.6992427,40.4060497,9,2020-04-27T18:00:00Z,2020/1/01
6,49,49,50,4770,4770,40.4060497,-3.6992427,-3.6992427,40.4060497,13,2020-04-27T18:00:00Z,2020/1/01
7,49,49,50,4771,4771,40.4060497,-3.6992427,-3.6992427,40.4060497,10,2020-04-27T18:00:00Z,2020/1/01
8,49,49,50,4772,4772,40.4060497,-3.6992427,-3.6992427,40.4060497,8,2020-04-27T18:00:00Z,2020/1/01
9,49,49,50,4773,4773,40.4060497,-3.6992427,-3.6992427,40.4060497,7,2020-04-27T18:00:00Z,2020/1/01
10,49,49,50,4774,4774,40.4060497,-3.6992427,-3.6992427,40.4060497,5,2020-04-27T18:00:00Z,2020/1/01
11,49,49,50,4775,4775,40.4060497,-3.6992427,-3.6992427,40.4060497,5,2020-04-27T18:00:00Z,2020/1/01
12,49,49,50,4776,4776,40.4060497,-3.6992427,-3.6992427,40.4060497,9,2020-04-27T18:00:00Z,2020/1/01
13,49,49,50,4778,4778,40.4060497,-3.6992427,-3.6992427,40.4060497,10,2020-04-27T18:00:00Z,2020/1/01
14,49,49,50,5170,5170,40.4060497,-3.6992427,-3.6992427,40.4060497,6,2020-04-28T10:00:00Z,2020/1/01
15,49,49,50,5180,5180,40.4060497,-3.6992427,-3.6992427,40.4060497,5,2020-04-28T10:00:00Z,2020/1/01
16,49,49,50,5196,5196,40.4060497,-3.6992427,-3.6992427,40.4060497,14,2020-04-28T11:00:00Z,2020/1/01
17,49,49,50,5198,5198,40.4060497,-3.6992427,-3.6992427,40.4060497,8,2020-04-28T11:00:00Z,2020/1/01
18,49,49,50,5199,5199,40.4060497,-3.6992427,-3.6992427,40.4060497,8,2020-04-28T11:00:00Z,2020/1/01
19,49,49,50,5200,5200,40.4060497,-3.6992427,-3.6992427,40.4060497,5,2020-04-28T11:00:00Z,2020/1/01
20,49,49,50,5201,5201,40.4060497,-3.6992427,-3.6992427,40.4060497,5,2020-04-28T11:00:00Z,2020/1/01
21,49,49,50,5202,5202,40.4060497,-3.6992427,-3.6992427,40.4060497,8,2020-04-28T11:00:00Z,2020/1/01
22,49,49,50,5203,5203,40.4060497,-3.6992427,-3.6992427,40.4060497,4,2020-04-28T11:00:00Z,2020/1/01
23,49,49,50,5204,5204,40.4060497,-3.6992427,-3.6992427,40.4060497,8,2020-04-28T11:00:00Z,2020/1/01
24,49,49,50,5205,5205,40.4060497,-3.6992427,-3.6992427,40.4060497,7,2020-04-28T11:00:00Z,2020/1/01
25,49,49,50,5206,5206,40.4060497,-3.6992427,-3.6992427,40.4060497,4,2020-04-28T11:00:00Z,2020/1/01
26,49,49,50,5207,5207,40.4060497,-3.6992427,-3.6992427,40.4060497,10,2020-04-28T11:00:00Z,2020/1/01
27,49,49,50,5208,5208,40.4060497,-3.6992427,-3.6992427,40.4060497,45,2020-04-28T11:00:00Z,2020/1/01
28,49,49,50,5212,5212,40.4060497,-3.6992427,-3.6992427,40.4060497,13,2020-04-28T11:00:00Z,2020/1/01
29,49,49,50,7105,7105,40.4060497,-3.6992427,-3.6992427,40.4060497,2147,2020-04-30T15:00:00Z,2020/1/01
30,49,49,50,7581,7581,40.4060497,-3.6992427,-3.6992427,40.4060497,8,2020-04-27T11:00:00Z,2020/1/01
31,49,49,50,7818,7818,40.4060497,-3.6992427,-3.6992427,40.4060497,6,2020-04-27T18:00:00Z,2020/1/01
32,49,49,50,7820,7820,40.4060497,-3.6992427,-3.6992427,40.4060497,13,2020-04-27T18:00:00Z,2020/1/01
33,49,49,50,7821,7821,40.4060497,-3.6992427,-3.6992427,40.4060497,9,2020-04-27T18:00:00Z,2020/1/01
34,49,49,50,7823,7823,40.4060497,-3.6992427,-3.6992427,40.4060497,8,2020-04-27T18:00:00Z,2020/1/01
35,49,49,50,7824,7824,40.4060497,-3.6992427,-3.6992427,40.4060497,6,2020-04-27T18:00:00Z,2020/1/01
36,49,49,50,7826,7826,40.4060497,-3.6992427,-3.6992427,40.4060497,14,2020-04-27T18:00:00Z,2020/1/01
37,49,49,50,8201,8201,40.4060497,-3.6992427,-3.6992427,40.4060497,6,2020-04-28T10:00:00Z,2020/1/01
38,49,49,50,8213,8213,40.4060497,-3.6992427,-3.6992427,40.4060497,2184,2020-04-28T10:00:00Z,2020/1/01
39,49,49,50,8216,8216,40.4060497,-3.6992427,-3.6992427,40.4060497,9,2020-04-28T10:00:00Z,2020/1/01
40,49,49,50,8239,8239,40.4060497,-3.6992427,-3.6992427,40.4060497,10,2020-04-28T11:00:00Z,2020/1/01
41,49,49,50,8240,8240,40.4060497,-3.6992427,-3.6992427,40.4060497,11,2020-04-28T11:00:00Z,2020/1/01
42,49,49,50,8241,8241,40.4060497,-3.6992427,-3.6992427,40.4060497,10,2020-04-28T11:00:00Z,2020/1/01
43,49,49,50,8242,8242,40.4060497,-3.6992427,-3.6992427,40.4060497,8,2020-04-28T11:00:00Z,2020/1/01
44,49,49,50,8243,8243,40.4060497,-3.6992427,-3.6992427,40.4060497,15,2020-04-28T11:00:00Z,2020/1/01
45,49,49,50,8244,8244,40.4060497,-3.6992427,-3.6992427,40.4060497,14,2020-04-28T11:00:00Z,2020/1/01
46,49,49,50,8245,8245,40.4060497,-3.6992427,-3.6992427,40.4060497,13,2020-04-28T11:00:00Z,2020/1/01
47,49,49,50,8253,8253,40.4060497,-3.6992427,-3.6992427,40.4060497,8,2020-04-28T11:00:00Z,2020/1/01
48,49,49,50,8255,8255,40.4060497,-3.6992427,-3.6992427,40.4060497,1094,2020-04-28T11:00:00Z,2020/1/01
49,49,49,50,9375,9375,40.4060497,-3.6992427,-3.6992427,40.4060497,630,2020-04-29T17:00:00Z,2020/1/01
50,130,130,43,114,114,40.4417195,-3.7017071,-3.7017071,40.4417195,7,2020-04-21T16:00:00Z,2020/1/01
51,130,130,43,115,115,40.4417195,-3.7017071,-3.7017071,40.4417195,9,2020-04-21T16:00:00Z,2020/1/01
52,130,130,43,5904,5904,40.4417195,-3.7017071,-3.7017071,40.4417195,13,2020-04-29T09:00:00Z,2020/1/01
53,130,130,43,5905,5905,40.4417195,-3.7017071,-3.7017071,40.4417195,16,2020-04-29T09:00:00Z,2020/1/01
54,130,130,43,5954,5954,40.4417195,-3.7017071,-3.7017071,40.4417195,4,2020-04-29T10:00:00Z,2020/1/01
55,130,130,43,6171,6171,40.4417195,-3.7017071,-3.7017071,40.4417195,11,2020-04-29T14:00:00Z,2020/1/01
56,130,130,43,6172,6172,40.4417195,-3.7017071,-3.7017071,40.4417195,5,2020-04-29T14:00:00Z,2020/1/01
57,130,130,43,6174,6174,40.4417195,-3.7017071,-3.7017071,40.4417195,15,2020-04-29T14:00:00Z,2020/1/01
58,130,130,43,6177,6177,40.4417195,-3.7017071,-3.7017071,40.4417195,17,2020-04-29T14:00:00Z,2020/1/01
59,130,130,43,6178,6178,40.4417195,-3.7017071,-3.7017071,40.4417195,16,2020-04-29T14:00:00Z,2020/1/01
60,130,130,43,6179,6179,40.4417195,-3.7017071,-3.7017071,40.4417195,19,2020-04-29T14:00:00Z,2020/1/01
61,130,130,43,6220,6220,40.4417195,-3.7017071,-3.7017071,40.4417195,14,2020-04-29T15:00:00Z,2020/1/01
62,130,130,43,6222,6222,40.4417195,-3.7017071,-3.7017071,40.4417195,10,2020-04-29T15:00:00Z,2020/1/01
63,130,130,43,6223,6223,40.4417195,-3.7017071,-3.7017071,40.4417195,7,2020-04-29T15:00:00Z,2020/1/01
64,130,130,43,6224,6224,40.4417195,-3.7017071,-3.7017071,40.4417195,5,2020-04-29T15:00:00Z,2020/1/01
65,130,130,43,6225,6225,40.4417195,-3.7017071,-3.7017071,40.4417195,8,2020-04-29T15:00:00Z,2020/1/01
66,130,130,43,6226,6226,40.4417195,-3.7017071,-3.7017071,40.4417195,6,2020-04-29T15:00:00Z,2020/1/01
67,130,130,43,6227,6227,40.4417195,-3.7017071,-3.7017071,40.4417195,8,2020-04-29T15:00:00Z,2020/1/01
68,130,130,43,6228,6228,40.4417195,-3.7017071,-3.7017071,40.4417195,5,2020-04-29T15:00:00Z,2020/1/01
69,130,130,43,6230,6230,40.4417195,-3.7017071,-3.7017071,40.4417195,8,2020-04-29T15:00:00Z,2020/1/01
70,130,130,43,6231,6231,40.4417195,-3.7017071,-3.7017071,40.4417195,8,2020-04-29T15:00:00Z,2020/1/01
71,130,130,43,8303,8303,40.4417195,-3.7017071,-3.7017071,40.4417195,802,2020-04-28T12:00:00Z,2020/1/01
72,130,130,43,8991,8991,40.4417195,-3.7017071,-3.7017071,40.4417195,14,2020-04-29T10:00:00Z,2020/1/01
73,130,130,43,9015,9015,40.4417195,-3.7017071,-3.7017071,40.4417195,9,2020-04-29T10:00:00Z,2020/1/01
74,130,130,43,9121,9121,40.4417195,-3.7017071,-3.7017071,40.4417195,1012,2020-04-29T12:00:00Z,2020/1/01
75,130,130,43,9236,9236,40.4417195,-3.7017071,-3.7017071,40.4417195,10,2020-04-29T14:00:00Z,2020/1/01
76,130,130,43,9242,9242,40.4417195,-3.7017071,-3.7017071,40.4417195,17,2020-04-29T14:00:00Z,2020/1/01
77,130,130,43,9243,9243,40.4417195,-3.7017071,-3.7017071,40.4417195,21,2020-04-29T14:00:00Z,2020/1/01
78,130,130,43,9274,9274,40.4417195,-3.7017071,-3.7017071,40.4417195,10,2020-04-29T15:00:00Z,2020/1/01
79,130,130,43,9275,9275,40.4417195,-3.7017071,-3.7017071,40.4417195,6,2020-04-29T15:00:00Z,2020/1/01
80,130,130,43,9276,9276,40.4417195,-3.7017071,-3.7017071,40.4417195,7,2020-04-29T15:00:00Z,2020/1/01
81,130,130,43,9277,9277,40.4417195,-3.7017071,-3.7017071,40.4417195,13,2020-04-29T15:00:00Z,2020/1/01
82,130,130,43,9278,9278,40.4417195,-3.7017071,-3.7017071,40.4417195,7,2020-04-29T15:00:00Z,2020/1/01
83,130,130,43,9280,9280,40.4417195,-3.7017071,-3.7017071,40.4417195,8,2020-04-29T15:00:00Z,2020/1/01
84,130,130,43,9281,9281,40.4417195,-3.7017071,-3.7017071,40.4417195,5,2020-04-29T15:00:00Z,2020/1/01
85,130,130,43,9282,9282,40.4417195,-3.7017071,-3.7017071,40.4417195,6,2020-04-29T15:00:00Z,2020/1/01
86,130,130,43,9283,9283,40.4417195,-3.7017071,-3.7017071,40.4417195,4,2020-04-29T15:00:00Z,2020/1/01
87,130,130,43,9284,9284,40.4417195,-3.7017071,-3.7017071,40.4417195,4,2020-04-29T15:00:00Z,2020/1/01
88,130,130,43,9285,9285,40.4417195,-3.7017071,-3.7017071,40.4417195,12,2020-04-29T15:00:00Z,2020/1/01
89,130,130,43,9286,9286,40.4417195,-3.7017071,-3.7017071,40.4417195,7,2020-04-29T15:00:00Z,2020/1/01
90,130,130,43,9287,9287,40.4417195,-3.7017071,-3.7017071,40.4417195,11,2020-04-29T15:00:00Z,2020/1/01
91,130,130,43,9288,9288,40.4417195,-3.7017071,-3.7017071,40.4417195,13,2020-04-29T15:00:00Z,2020/1/01
92,130,130,43,9289,9289,40.4417195,-3.7017071,-3.7017071,40.4417195,4,2020-04-29T15:00:00Z,2020/1/01
93,218,218,42,1280,1280,40.4105519,-3.6573999,-3.6573999,40.4105519,2652,2020-04-23T13:00:00Z,2020/1/01
94,218,218,42,2898,2898,40.4105519,-3.6573999,-3.6573999,40.4105519,7,2020-04-25T10:00:00Z,2020/1/01
95,218,218,42,2903,2903,40.4105519,-3.6573999,-3.6573999,40.4105519,18,2020-04-25T10:00:00Z,2020/1/01
96,218,218,42,2905,2905,40.4105519,-3.6573999,-3.6573999,40.4105519,20,2020-04-25T10:00:00Z,2020/1/01
97,218,218,42,2906,2906,40.4105519,-3.6573999,-3.6573999,40.4105519,72,2020-04-25T10:00:00Z,2020/1/01
98,218,218,42,2907,2907,40.4105519,-3.6573999,-3.6573999,40.4105519,10,2020-04-25T10:00:00Z,2020/1/01
99,218,218,42,2908,2908,40.4105519,-3.6573999,-3.6573999,40.4105519,20,2020-04-25T10:00:00Z,2020/1/01
100,218,218,42,2909,2909,40.4105519,-3.6573999,-3.6573999,40.4105519,22,2020-04-25T10:00:00Z,2020/1/01
101,218,218,42,2910,2910,40.4105519,-3.6573999,-3.6573999,40.4105519,19,2020-04-25T10:00:00Z,2020/1/01
102,218,218,42,2911,2911,40.4105519,-3.6573999,-3.6573999,40.4105519,22,2020-04-25T10:00:00Z,2020/1/01
103,218,218,42,2913,2913,40.4105519,-3.6573999,-3.6573999,40.4105519,21,2020-04-25T10:00:00Z,2020/1/01
104,218,218,42,2915,2915,40.4105519,-3.6573999,-3.6573999,40.4105519,23,2020-04-25T10:00:00Z,2020/1/01
105,218,218,42,3084,3084,40.4105519,-3.6573999,-3.6573999,40.4105519,1393,2020-04-25T13:00:00Z,2020/1/01
106,218,218,42,4116,4116,40.4105519,-3.6573999,-3.6573999,40.4105519,11,2020-04-27T06:00:00Z,2020/1/01
107,218,218,42,4117,4117,40.4105519,-3.6573999,-3.6573999,40.4105519,7,2020-04-27T06:00:00Z,2020/1/01
108,218,218,42,4118,4118,40.4105519,-3.6573999,-3.6573999,40.4105519,15,2020-04-27T06:00:00Z,2020/1/01
109,218,218,42,4119,4119,40.4105519,-3.6573999,-3.6573999,40.4105519,7,2020-04-27T06:00:00Z,2020/1/01
110,218,218,42,4121,4121,40.4105519,-3.6573999,-3.6573999,40.4105519,7,2020-04-27T06:00:00Z,2020/1/01
111,218,218,42,4122,4122,40.4105519,-3.6573999,-3.6573999,40.4105519,7,2020-04-27T06:00:00Z,2020/1/01
112,218,218,42,4123,4123,40.4105519,-3.6573999,-3.6573999,40.4105519,5,2020-04-27T06:00:00Z,2020/1/01
113,218,218,42,4124,4124,40.4105519,-3.6573999,-3.6573999,40.4105519,11,2020-04-27T06:00:00Z,2020/1/01
114,218,218,42,4125,4125,40.4105519,-3.6573999,-3.6573999,40.4105519,9,2020-04-27T06:00:00Z,2020/1/01
115,218,218,42,4126,4126,40.4105519,-3.6573999,-3.6573999,40.4105519,5,2020-04-27T06:00:00Z,2020/1/01
116,218,218,42,4127,4127,40.4105519,-3.6573999,-3.6573999,40.4105519,9,2020-04-27T06:00:00Z,2020/1/01
117,218,218,42,4128,4128,40.4105519,-3.6573999,-3.6573999,40.4105519,7,2020-04-27T06:00:00Z,2020/1/01
118,218,218,42,4129,4129,40.4105519,-3.6573999,-3.6573999,40.4105519,10,2020-04-27T06:00:00Z,2020/1/01
119,218,218,42,4130,4130,40.4105519,-3.6573999,-3.6573999,40.4105519,7,2020-04-27T06:00:00Z,2020/1/01
120,218,218,42,4131,4131,40.4105519,-3.6573999,-3.6573999,40.4105519,9,2020-04-27T06:00:00Z,2020/1/01
121,218,218,42,4132,4132,40.4105519,-3.6573999,-3.6573999,40.4105519,5,2020-04-27T06:00:00Z,2020/1/01
122,218,218,42,4133,4133,40.4105519,-3.6573999,-3.6573999,40.4105519,10,2020-04-27T06:00:00Z,2020/1/01
123,218,218,42,4134,4134,40.4105519,-3.6573999,-3.6573999,40.4105519,10,2020-04-27T06:00:00Z,2020/1/01
124,218,218,42,4135,4135,40.4105519,-3.6573999,-3.6573999,40.4105519,7,2020-04-27T06:00:00Z,2020/1/01
125,218,218,42,4136,4136,40.4105519,-3.6573999,-3.6573999,40.4105519,10,2020-04-27T06:00:00Z,2020/1/01
126,218,218,42,4139,4139,40.4105519,-3.6573999,-3.6573999,40.4105519,9,2020-04-27T06:00:00Z,2020/1/01
127,218,218,42,4140,4140,40.4105519,-3.6573999,-3.6573999,40.4105519,9,2020-04-27T06:00:00Z,2020/1/01
128,218,218,42,4141,4141,40.4105519,-3.6573999,-3.6573999,40.4105519,11,2020-04-27T06:00:00Z,2020/1/01
129,218,218,42,4142,4142,40.4105519,-3.6573999,-3.6573999,40.4105519,11,2020-04-27T06:00:00Z,2020/1/01
130,218,218,42,4143,4143,40.4105519,-3.6573999,-3.6573999,40.4105519,12,2020-04-27T06:00:00Z,2020/1/01
131,218,218,42,4145,4145,40.4105519,-3.6573999,-3.6573999,40.4105519,9,2020-04-27T06:00:00Z,2020/1/01
132,218,218,42,4146,4146,40.4105519,-3.6573999,-3.6573999,40.4105519,10,2020-04-27T06:00:00Z,2020/1/01
133,218,218,42,6502,6502,40.4105519,-3.6573999,-3.6573999,40.4105519,11,2020-04-30T00:00:00Z,2020/1/01
134,218,218,42,6503,6503,40.4105519,-3.6573999,-3.6573999,40.4105519,15,2020-04-30T00:00:00Z,2020/1/01
135,25,25,32,3292,3292,40.4173416,-3.7059978,-3.7060243,40.4172593,1233,2020-04-25T21:00:00Z,2020/1/01
136,25,25,32,3305,3305,40.4173416,-3.7059978,-3.7060243,40.4172593,1328,2020-04-25T21:00:00Z,2020/1/01
137,25,25,32,3842,3842,40.4173416,-3.7059978,-3.7060243,40.4172593,1472,2020-04-26T19:00:00Z,2020/1/01
138,25,25,32,3863,3863,40.4173416,-3.7059978,-3.7060243,40.4172593,1632,2020-04-26T20:00:00Z,2020/1/01
139,25,25,32,4159,4159,40.4173416,-3.7059978,-3.7060243,40.4172593,6,2020-04-27T06:00:00Z,2020/1/01
140,25,25,32,4160,4160,40.4173416,-3.7059978,-3.7060243,40.4172593,12,2020-04-27T06:00:00Z,2020/1/01
141,25,25,32,4161,4161,40.4173416,-3.7059978,-3.7060243,40.4172593,10,2020-04-27T06:00:00Z,2020/1/01
142,25,25,32,4162,4162,40.4173416,-3.7059978,-3.7060243,40.4172593,13,2020-04-27T06:00:00Z,2020/1/01
143,25,25,32,4165,4165,40.4173416,-3.7059978,-3.7060243,40.4172593,5,2020-04-27T06:00:00Z,2020/1/01
144,25,25,32,4166,4166,40.4173416,-3.7059978,-3.7060243,40.4172593,9,2020-04-27T06:00:00Z,2020/1/01
145,25,25,32,4168,4168,40.4173416,-3.7059978,-3.7060243,40.4172593,12,2020-04-27T06:00:00Z,2020/1/01
146,25,25,32,4169,4169,40.4173416,-3.7059978,-3.7060243,40.4172593,8,2020-04-27T06:00:00Z,2020/1/01
147,25,25,32,4170,4170,40.4173416,-3.7059978,-3.7060243,40.4172593,7,2020-04-27T06:00:00Z,2020/1/01
148,25,25,32,4173,4173,40.4173416,-3.7059978,-3.7060243,40.4172593,7,2020-04-27T06:00:00Z,2020/1/01
149,25,25,32,4175,4175,40.4173416,-3.7059978,-3.7060243,40.4172593,13,2020-04-27T06:00:00Z,2020/1/01
150,25,25,32,4177,4177,40.4173416,-3.7059978,-3.7060243,40.4172593,12,2020-04-27T06:00:00Z,2020/1/01
151,25,25,32,4180,4180,40.4173416,-3.7059978,-3.7060243,40.4172593,6,2020-04-27T06:00:00Z,2020/1/01
152,25,25,32,4182,4182,40.4173416,-3.7059978,-3.7060243,40.4172593,6,2020-04-27T06:00:00Z,2020/1/01
153,25,25,32,4185,4185,40.4173416,-3.7059978,-3.7060243,40.4172593,10,2020-04-27T06:00:00Z,2020/1/01
154,25,25,32,4186,4186,40.4173416,-3.7059978,-3.7060243,40.4172593,8,2020-04-27T06:00:00Z,2020/1/01
155,25,25,32,4187,4187,40.4173416,-3.7059978,-3.7060243,40.4172593,8,2020-04-27T06:00:00Z,2020/1/01
156,25,25,32,4190,4190,40.4173416,-3.7059978,-3.7060243,40.4172593,5,2020-04-27T06:00:00Z,2020/1/01
157,25,25,32,4192,4192,40.4173416,-3.7059978,-3.7060243,40.4172593,10,2020-04-27T06:00:00Z,2020/1/01
158,25,25,32,4207,4207,40.4173416,-3.7059978,-3.7060243,40.4172593,196,2020-04-27T06:00:00Z,2020/1/01
159,25,25,32,4208,4208,40.4173416,-3.7059978,-3.7060243,40.4172593,239,2020-04-27T06:00:00Z,2020/1/01
160,25,25,32,4209,4209,40.4173416,-3.7059978,-3.7060243,40.4172593,191,2020-04-27T06:00:00Z,2020/1/01
161,25,25,32,4210,4210,40.4173416,-3.7059978,-3.7060243,40.4172593,40,2020-04-27T06:00:00Z,2020/1/01
162,25,25,32,4211,4211,40.4173416,-3.7059978,-3.7060243,40.4172593,10,2020-04-27T06:00:00Z,2020/1/01
163,25,25,32,4212,4212,40.4173416,-3.7059978,-3.7060243,40.4172593,4,2020-04-27T06:00:00Z,2020/1/01
164,25,25,32,4213,4213,40.4173416,-3.7059978,-3.7060243,40.4172593,4,2020-04-27T06:00:00Z,2020/1/01
165,25,25,32,4214,4214,40.4173416,-3.7059978,-3.7060243,40.4172593,7,2020-04-27T06:00:00Z,2020/1/01
166,25,25,32,7844,7844,40.4173416,-3.7059978,-3.7060243,40.4172593,737,2020-04-27T18:00:00Z,2020/1/01
167,212,212,30,372,372,40.3981605,-3.7165313,-3.7165313,40.3981605,1558,2020-04-22T11:00:00Z,2020/1/01
168,212,212,30,1489,1489,40.3981605,-3.7165313,-3.7165313,40.3981605,1530,2020-04-23T18:00:00Z,2020/1/01
169,212,212,30,2071,2071,40.3981605,-3.7165313,-3.7165313,40.3981605,2895,2020-04-24T11:00:00Z,2020/1/01
170,212,212,30,2489,2489,40.3981605,-3.7165313,-3.7165313,40.3981605,3591,2020-04-24T17:00:00Z,2020/1/01
171,212,212,30,3197,3197,40.3981605,-3.7165313,-3.7165313,40.3981605,2518,2020-04-25T18:00:00Z,2020/1/01
172,212,212,30,3249,3249,40.3981605,-3.7165313,-3.7165313,40.3981605,2155,2020-04-25T19:00:00Z,2020/1/01
173,212,212,30,3255,3255,40.3981605,-3.7165313,-3.7165313,40.3981605,3979,2020-04-25T19:00:00Z,2020/1/01
174,212,212,30,3288,3288,40.3981605,-3.7165313,-3.7165313,40.3981605,430,2020-04-25T21:00:00Z,2020/1/01
175,212,212,30,3310,3310,40.3981605,-3.7165313,-3.7165313,40.3981605,579,2020-04-25T21:00:00Z,2020/1/01
176,212,212,30,3325,3325,40.3981605,-3.7165313,-3.7165313,40.3981605,501,2020-04-25T23:00:00Z,2020/1/01
177,212,212,30,3616,3616,40.3981605,-3.7165313,-3.7165313,40.3981605,1457,2020-04-26T12:00:00Z,2020/1/01
178,212,212,30,3642,3642,40.3981605,-3.7165313,-3.7165313,40.3981605,3882,2020-04-26T12:00:00Z,2020/1/01
179,212,212,30,3749,3749,40.3981605,-3.7165313,-3.7165313,40.3981605,1032,2020-04-26T16:00:00Z,2020/1/01
180,212,212,30,3809,3809,40.3981605,-3.7165313,-3.7165313,40.3981605,504,2020-04-26T18:00:00Z,2020/1/01
181,212,212,30,3827,3827,40.3981605,-3.7165313,-3.7165313,40.3981605,796,2020-04-26T19:00:00Z,2020/1/01
182,212,212,30,3865,3865,40.3981605,-3.7165313,-3.7165313,40.3981605,875,2020-04-26T20:00:00Z,2020/1/01
183,212,212,30,3879,3879,40.3981605,-3.7165313,-3.7165313,40.3981605,2324,2020-04-26T20:00:00Z,2020/1/01
184,212,212,30,4795,4795,40.3981605,-3.7165313,-3.7165313,40.3981605,734,2020-04-27T19:00:00Z,2020/1/01
185,212,212,30,6053,6053,40.3981605,-3.7165313,-3.7165313,40.3981605,1655,2020-04-29T12:00:00Z,2020/1/01
186,212,212,30,6433,6433,40.3981605,-3.7165313,-3.7165313,40.3981605,2242,2020-04-29T19:00:00Z,2020/1/01
187,212,212,30,6491,6491,40.3981605,-3.7165313,-3.7165313,40.3981605,668,2020-04-29T22:00:00Z,2020/1/01
188,212,212,30,6942,6942,40.3981605,-3.7165313,-3.7165313,40.3981605,1194,2020-04-30T12:00:00Z,2020/1/01
189,212,212,30,7206,7206,40.3981605,-3.7165313,-3.7165313,40.3981605,519,2020-04-30T18:00:00Z,2020/1/01
190,212,212,30,7211,7211,40.3981605,-3.7165313,-3.7165313,40.3981605,431,2020-04-30T18:00:00Z,2020/1/01
191,212,212,30,7283,7283,40.3981605,-3.7165313,-3.7165313,40.3981605,869,2020-04-30T20:00:00Z,2020/1/01
192,212,212,30,7290,7290,40.3981605,-3.7165313,-3.7165313,40.3981605,1052,2020-04-30T20:00:00Z,2020/1/01
193,212,212,30,9441,9441,40.3981605,-3.7165313,-3.7165313,40.3981605,1344,2020-04-29T18:00:00Z,2020/1/01
194,212,212,30,9484,9484,40.3981605,-3.7165313,-3.7165313,40.3981605,1206,2020-04-29T20:00:00Z,2020/1/01
195,212,212,30,10087,10087,40.3981605,-3.7165313,-3.7165313,40.3981605,1244,2020-04-30T15:00:00Z,2020/1/01
196,212,212,30,10259,10259,40.3981605,-3.7165313,-3.7165313,40.3981605,994,2020-04-30T20:00:00Z,2020/1/01
197,219,219,29,62,62,40.4083961,-3.6467783,-3.6467783,40.4083961,22,2020-04-20T16:00:00Z,2020/1/01
198,219,219,29,64,64,40.4083961,-3.6467783,-3.6467783,40.4083961,5,2020-04-20T16:00:00Z,2020/1/01
199,219,219,29,65,65,40.4083961,-3.6467783,-3.6467783,40.4083961,6,2020-04-20T16:00:00Z,2020/1/01
200,219,219,29,3381,3381,40.4083961,-3.6467783,-3.6467783,40.4083961,6,2020-04-26T06:00:00Z,2020/1/01
201,219,219,29,4423,4423,40.4083961,-3.6467783,-3.6467783,40.4083961,9,2020-04-27T08:00:00Z,2020/1/01
202,219,219,29,4424,4424,40.4083961,-3.6467783,-3.6467783,40.4083961,7,2020-04-27T08:00:00Z,2020/1/01
203,219,219,29,4426,4426,40.4083961,-3.6467783,-3.6467783,40.4083961,15,2020-04-27T08:00:00Z,2020/1/01
204,219,219,29,4427,4427,40.4083961,-3.6467783,-3.6467783,40.4083961,9,2020-04-27T08:00:00Z,2020/1/01
205,219,219,29,4428,4428,40.4083961,-3.6467783,-3.6467783,40.4083961,7,2020-04-27T08:00:00Z,2020/1/01
206,219,219,29,4429,4429,40.4083961,-3.6467783,-3.6467783,40.4083961,3,2020-04-27T08:00:00Z,2020/1/01
207,219,219,29,4430,4430,40.4083961,-3.6467783,-3.6467783,40.4083961,9,2020-04-27T08:00:00Z,2020/1/01
208,219,219,29,4431,4431,40.4083961,-3.6467783,-3.6467783,40.4083961,7,2020-04-27T08:00:00Z,2020/1/01
209,219,219,29,4432,4432,40.4083961,-3.6467783,-3.6467783,40.4083961,7,2020-04-27T08:00:00Z,2020/1/01
210,219,219,29,4433,4433,40.4083961,-3.6467783,-3.6467783,40.4083961,9,2020-04-27T08:00:00Z,2020/1/01
211,219,219,29,4434,4434,40.4083961,-3.6467783,-3.6467783,40.4083961,6,2020-04-27T08:00:00Z,2020/1/01
212,219,219,29,4435,4435,40.4083961,-3.6467783,-3.6467783,40.4083961,10,2020-04-27T08:00:00Z,2020/1/01
213,219,219,29,4436,4436,40.4083961,-3.6467783,-3.6467783,40.4083961,13,2020-04-27T08:00:00Z,2020/1/01
214,219,219,29,7471,7471,40.4083961,-3.6467783,-3.6467783,40.4083961,13,2020-04-27T08:00:00Z,2020/1/01
215,219,219,29,7472,7472,40.4083961,-3.6467783,-3.6467783,40.4083961,11,2020-04-27T08:00:00Z,2020/1/01
216,219,219,29,7473,7473,40.4083961,-3.6467783,-3.6467783,40.4083961,10,2020-04-27T08:00:00Z,2020/1/01
217,219,219,29,7474,7474,40.4083961,-3.6467783,-3.6467783,40.4083961,15,2020-04-27T08:00:00Z,2020/1/01
218,219,219,29,7475,7475,40.4083961,-3.6467783,-3.6467783,40.4083961,7,2020-04-27T08:00:00Z,2020/1/01
219,219,219,29,7476,7476,40.4083961,-3.6467783,-3.6467783,40.4083961,12,2020-04-27T08:00:00Z,2020/1/01
220,219,219,29,7477,7477,40.4083961,-3.6467783,-3.6467783,40.4083961,10,2020-04-27T08:00:00Z,2020/1/01
221,219,219,29,7478,7478,40.4083961,-3.6467783,-3.6467783,40.4083961,14,2020-04-27T08:00:00Z,2020/1/01
222,219,219,29,7479,7479,40.4083961,-3.6467783,-3.6467783,40.4083961,5,2020-04-27T08:00:00Z,2020/1/01
223,219,219,29,7480,7480,40.4083961,-3.6467783,-3.6467783,40.4083961,4,2020-04-27T08:00:00Z,2020/1/01
224,219,219,29,7481,7481,40.4083961,-3.6467783,-3.6467783,40.4083961,7,2020-04-27T08:00:00Z,2020/1/01
225,219,219,29,7482,7482,40.4083961,-3.6467783,-3.6467783,40.4083961,4,2020-04-27T08:00:00Z,2020/1/01
226,157,157,29,290,290,40.459282,-3.6893305,-3.6893305,40.459282,2026,2020-04-22T09:00:00Z,2020/1/01
227,157,157,29,3478,3478,40.459282,-3.6893305,-3.6893305,40.459282,10,2020-04-26T09:00:00Z,2020/1/01
228,157,157,29,3525,3525,40.459282,-3.6893305,-3.6893305,40.459282,383,2020-04-26T10:00:00Z,2020/1/01
229,157,157,29,5195,5195,40.459282,-3.6893305,-3.6893305,40.459282,6337,2020-04-28T10:00:00Z,2020/1/01
230,157,157,29,5847,5847,40.459282,-3.6893305,-3.6893305,40.459282,19,2020-04-29T08:00:00Z,2020/1/01
231,157,157,29,5848,5848,40.459282,-3.6893305,-3.6893305,40.459282,7,2020-04-29T08:00:00Z,2020/1/01
232,157,157,29,5850,5850,40.459282,-3.6893305,-3.6893305,40.459282,18,2020-04-29T08:00:00Z,2020/1/01
233,157,157,29,5852,5852,40.459282,-3.6893305,-3.6893305,40.459282,10,2020-04-29T08:00:00Z,2020/1/01
234,157,157,29,5853,5853,40.459282,-3.6893305,-3.6893305,40.459282,7,2020-04-29T08:00:00Z,2020/1/01
235,157,157,29,5854,5854,40.459282,-3.6893305,-3.6893305,40.459282,8,2020-04-29T08:00:00Z,2020/1/01
236,157,157,29,5856,5856,40.459282,-3.6893305,-3.6893305,40.459282,8,2020-04-29T08:00:00Z,2020/1/01
237,157,157,29,5858,5858,40.459282,-3.6893305,-3.6893305,40.459282,6,2020-04-29T08:00:00Z,2020/1/01
238,157,157,29,5859,5859,40.459282,-3.6893305,-3.6893305,40.459282,21,2020-04-29T08:00:00Z,2020/1/01
239,157,157,29,7115,7115,40.459282,-3.6893305,-3.6893305,40.459282,6587,2020-04-30T15:00:00Z,2020/1/01
240,157,157,29,8905,8905,40.459282,-3.6893305,-3.6893305,40.459282,9,2020-04-29T08:00:00Z,2020/1/01
241,157,157,29,8907,8907,40.459282,-3.6893305,-3.6893305,40.459282,8,2020-04-29T08:00:00Z,2020/1/01
242,157,157,29,8908,8908,40.459282,-3.6893305,-3.6893305,40.459282,10,2020-04-29T08:00:00Z,2020/1/01
243,157,157,29,8910,8910,40.459282,-3.6893305,-3.6893305,40.459282,35,2020-04-29T08:00:00Z,2020/1/01
244,157,157,29,8912,8912,40.459282,-3.6893305,-3.6893305,40.459282,8,2020-04-29T08:00:00Z,2020/1/01
245,157,157,29,8913,8913,40.459282,-3.6893305,-3.6893305,40.459282,4,2020-04-29T08:00:00Z,2020/1/01
246,157,157,29,8914,8914,40.459282,-3.6893305,-3.6893305,40.459282,10,2020-04-29T08:00:00Z,2020/1/01
247,157,157,29,8915,8915,40.459282,-3.6893305,-3.6893305,40.459282,8,2020-04-29T08:00:00Z,2020/1/01
248,157,157,29,8916,8916,40.459282,-3.6893305,-3.6893305,40.459282,9,2020-04-29T08:00:00Z,2020/1/01
249,157,157,29,8917,8917,40.459282,-3.6893305,-3.6893305,40.459282,8,2020-04-29T08:00:00Z,2020/1/01
250,157,157,29,8919,8919,40.459282,-3.6893305,-3.6893305,40.459282,9,2020-04-29T08:00:00Z,2020/1/01
251,157,157,29,8935,8935,40.459282,-3.6893305,-3.6893305,40.459282,6,2020-04-29T09:00:00Z,2020/1/01
252,157,157,29,9046,9046,40.459282,-3.6893305,-3.6893305,40.459282,4,2020-04-29T11:00:00Z,2020/1/01
253,157,157,29,9047,9047,40.459282,-3.6893305,-3.6893305,40.459282,4,2020-04-29T11:00:00Z,2020/1/01
254,157,157,29,9048,9048,40.459282,-3.6893305,-3.6893305,40.459282,28,2020-04-29T11:00:00Z,2020/1/01
255,3,3,29,1519,1519,40.4303224,-3.7072122,-3.7072122,40.4303224,1419,2020-04-23T19:00:00Z,2020/1/01
256,3,3,29,4448,4448,40.4303224,-3.7072122,-3.7072122,40.4303224,11,2020-04-27T09:00:00Z,2020/1/01
257,3,3,29,4449,4449,40.4303224,-3.7072122,-3.7072122,40.4303224,4,2020-04-27T09:00:00Z,2020/1/01
258,3,3,29,4450,4450,40.4303224,-3.7072122,-3.7072122,40.4303224,12,2020-04-27T09:00:00Z,2020/1/01
259,3,3,29,4451,4451,40.4303224,-3.7072122,-3.7072122,40.4303224,10,2020-04-27T09:00:00Z,2020/1/01
260,3,3,29,4452,4452,40.4303224,-3.7072122,-3.7072122,40.4303224,11,2020-04-27T09:00:00Z,2020/1/01
261,3,3,29,4453,4453,40.4303224,-3.7072122,-3.7072122,40.4303224,16,2020-04-27T09:00:00Z,2020/1/01
262,3,3,29,4454,4454,40.4303224,-3.7072122,-3.7072122,40.4303224,7,2020-04-27T09:00:00Z,2020/1/01
263,3,3,29,4455,4455,40.4303224,-3.7072122,-3.7072122,40.4303224,8,2020-04-27T09:00:00Z,2020/1/01
264,3,3,29,4456,4456,40.4303224,-3.7072122,-3.7072122,40.4303224,19,2020-04-27T09:00:00Z,2020/1/01
265,3,3,29,4457,4457,40.4303224,-3.7072122,-3.7072122,40.4303224,4,2020-04-27T09:00:00Z,2020/1/01
266,3,3,29,4458,4458,40.4303224,-3.7072122,-3.7072122,40.4303224,11,2020-04-27T09:00:00Z,2020/1/01
267,3,3,29,4459,4459,40.4303224,-3.7072122,-3.7072122,40.4303224,14,2020-04-27T09:00:00Z,2020/1/01
268,3,3,29,4460,4460,40.4303224,-3.7072122,-3.7072122,40.4303224,8,2020-04-27T09:00:00Z,2020/1/01
269,3,3,29,4461,4461,40.4303224,-3.7072122,-3.7072122,40.4303224,10,2020-04-27T09:00:00Z,2020/1/01
270,3,3,29,4463,4463,40.4303224,-3.7072122,-3.7072122,40.4303224,10,2020-04-27T09:00:00Z,2020/1/01
271,3,3,29,7491,7491,40.4303224,-3.7072122,-3.7072122,40.4303224,3,2020-04-27T09:00:00Z,2020/1/01
272,3,3,29,7492,7492,40.4303224,-3.7072122,-3.7072122,40.4303224,8,2020-04-27T09:00:00Z,2020/1/01
273,3,3,29,7493,7493,40.4303224,-3.7072122,-3.7072122,40.4303224,10,2020-04-27T09:00:00Z,2020/1/01
274,3,3,29,7494,7494,40.4303224,-3.7072122,-3.7072122,40.4303224,13,2020-04-27T09:00:00Z,2020/1/01
275,3,3,29,7495,7495,40.4303224,-3.7072122,-3.7072122,40.4303224,10,2020-04-27T09:00:00Z,2020/1/01
276,3,3,29,7496,7496,40.4303224,-3.7072122,-3.7072122,40.4303224,9,2020-04-27T09:00:00Z,2020/1/01
277,3,3,29,7498,7498,40.4303224,-3.7072122,-3.7072122,40.4303224,15,2020-04-27T09:00:00Z,2020/1/01
278,3,3,29,7499,7499,40.4303224,-3.7072122,-3.7072122,40.4303224,6,2020-04-27T09:00:00Z,2020/1/01
279,3,3,29,7500,7500,40.4303224,-3.7072122,-3.7072122,40.4303224,14,2020-04-27T09:00:00Z,2020/1/01
280,3,3,29,7501,7501,40.4303224,-3.7072122,-3.7072122,40.4303224,9,2020-04-27T09:00:00Z,2020/1/01
281,3,3,29,7505,7505,40.4303224,-3.7072122,-3.7072122,40.4303224,191,2020-04-27T09:00:00Z,2020/1/01
282,3,3,29,7506,7506,40.4303224,-3.7072122,-3.7072122,40.4303224,33,2020-04-27T09:00:00Z,2020/1/01
283,3,3,29,7507,7507,40.4303224,-3.7072122,-3.7072122,40.4303224,5,2020-04-27T09:00:00Z,2020/1/01
284,40,40,28,4371,4371,40.4137865,-3.7047463,-3.7047463,40.4137865,10,2020-04-27T08:00:00Z,2020/1/01
285,40,40,28,4372,4372,40.4137865,-3.7047463,-3.7047463,40.4137865,14,2020-04-27T08:00:00Z,2020/1/01
286,40,40,28,4373,4373,40.4137865,-3.7047463,-3.7047463,40.4137865,12,2020-04-27T08:00:00Z,2020/1/01
287,40,40,28,4374,4374,40.4137865,-3.7047463,-3.7047463,40.4137865,12,2020-04-27T08:00:00Z,2020/1/01
288,40,40,28,4375,4375,40.4137865,-3.7047463,-3.7047463,40.4137865,11,2020-04-27T08:00:00Z,2020/1/01
289,40,40,28,4376,4376,40.4137865,-3.7047463,-3.7047463,40.4137865,9,2020-04-27T08:00:00Z,2020/1/01
290,40,40,28,4377,4377,40.4137865,-3.7047463,-3.7047463,40.4137865,9,2020-04-27T08:00:00Z,2020/1/01
291,40,40,28,4378,4378,40.4137865,-3.7047463,-3.7047463,40.4137865,7,2020-04-27T08:00:00Z,2020/1/01
292,40,40,28,4379,4379,40.4137865,-3.7047463,-3.7047463,40.4137865,7,2020-04-27T08:00:00Z,2020/1/01
293,40,40,28,4380,4380,40.4137865,-3.7047463,-3.7047463,40.4137865,11,2020-04-27T08:00:00Z,2020/1/01
294,40,40,28,4381,4381,40.4137865,-3.7047463,-3.7047463,40.4137865,10,2020-04-27T08:00:00Z,2020/1/01
295,40,40,28,4382,4382,40.4137865,-3.7047463,-3.7047463,40.4137865,6,2020-04-27T08:00:00Z,2020/1/01
296,40,40,28,4383,4383,40.4137865,-3.7047463,-3.7047463,40.4137865,7,2020-04-27T08:00:00Z,2020/1/01
297,40,40,28,4384,4384,40.4137865,-3.7047463,-3.7047463,40.4137865,8,2020-04-27T08:00:00Z,2020/1/01
298,40,40,28,4385,4385,40.4137865,-3.7047463,-3.7047463,40.4137865,7,2020-04-27T08:00:00Z,2020/1/01
299,40,40,28,4386,4386,40.4137865,-3.7047463,-3.7047463,40.4137865,8,2020-04-27T08:00:00Z,2020/1/01
300,40,40,28,5824,5824,40.4137865,-3.7047463,-3.7047463,40.4137865,1823,2020-04-29T07:00:00Z,2020/1/01
301,40,40,28,6314,6314,40.4137865,-3.7047463,-3.7047463,40.4137865,4297,2020-04-29T16:00:00Z,2020/1/01
302,40,40,28,7430,7430,40.4137865,-3.7047463,-3.7047463,40.4137865,7,2020-04-27T08:00:00Z,2020/1/01
303,40,40,28,7431,7431,40.4137865,-3.7047463,-3.7047463,40.4137865,11,2020-04-27T08:00:00Z,2020/1/01
304,40,40,28,7432,7432,40.4137865,-3.7047463,-3.7047463,40.4137865,9,2020-04-27T08:00:00Z,2020/1/01
305,40,40,28,7433,7433,40.4137865,-3.7047463,-3.7047463,40.4137865,10,2020-04-27T08:00:00Z,2020/1/01
306,40,40,28,7434,7434,40.4137865,-3.7047463,-3.7047463,40.4137865,10,2020-04-27T08:00:00Z,2020/1/01
307,40,40,28,7435,7435,40.4137865,-3.7047463,-3.7047463,40.4137865,24,2020-04-27T08:00:00Z,2020/1/01
308,40,40,28,8415,8415,40.4137865,-3.7047463,-3.7047463,40.4137865,2586,2020-04-28T14:00:00Z,2020/1/01
309,40,40,28,8528,8528,40.4137865,-3.7047463,-3.7047463,40.4137865,3205,2020-04-28T17:00:00Z,2020/1/01
310,40,40,28,9347,9347,40.4137865,-3.7047463,-3.7047463,40.4137865,2926,2020-04-29T16:00:00Z,2020/1/01
311,40,40,28,10145,10145,40.4137865,-3.7047463,-3.7047463,40.4137865,6527,2020-04-30T16:00:00Z,2020/1/01
312,34,34,27,2049,2049,40.4144117,-3.7035044,-3.7035044,40.4144117,1886,2020-04-24T11:00:00Z,2020/1/01
313,34,34,27,4306,4306,40.4144117,-3.7035044,-3.7035044,40.4144117,12,2020-04-27T07:00:00Z,2020/1/01
314,34,34,27,4307,4307,40.4144117,-3.7035044,-3.7035044,40.4144117,5,2020-04-27T07:00:00Z,2020/1/01
315,34,34,27,4308,4308,40.4144117,-3.7035044,-3.7035044,40.4144117,8,2020-04-27T07:00:00Z,2020/1/01
316,34,34,27,4310,4310,40.4144117,-3.7035044,-3.7035044,40.4144117,13,2020-04-27T07:00:00Z,2020/1/01
317,34,34,27,4311,4311,40.4144117,-3.7035044,-3.7035044,40.4144117,8,2020-04-27T07:00:00Z,2020/1/01
318,34,34,27,4312,4312,40.4144117,-3.7035044,-3.7035044,40.4144117,10,2020-04-27T07:00:00Z,2020/1/01
319,34,34,27,4313,4313,40.4144117,-3.7035044,-3.7035044,40.4144117,10,2020-04-27T07:00:00Z,2020/1/01
320,34,34,27,4314,4314,40.4144117,-3.7035044,-3.7035044,40.4144117,7,2020-04-27T07:00:00Z,2020/1/01
321,34,34,27,4315,4315,40.4144117,-3.7035044,-3.7035044,40.4144117,11,2020-04-27T07:00:00Z,2020/1/01
322,34,34,27,4316,4316,40.4144117,-3.7035044,-3.7035044,40.4144117,10,2020-04-27T07:00:00Z,2020/1/01
323,34,34,27,4317,4317,40.4144117,-3.7035044,-3.7035044,40.4144117,7,2020-04-27T07:00:00Z,2020/1/01
324,34,34,27,4318,4318,40.4144117,-3.7035044,-3.7035044,40.4144117,9,2020-04-27T07:00:00Z,2020/1/01
325,34,34,27,4319,4319,40.4144117,-3.7035044,-3.7035044,40.4144117,9,2020-04-27T07:00:00Z,2020/1/01
326,34,34,27,4320,4320,40.4144117,-3.7035044,-3.7035044,40.4144117,13,2020-04-27T07:00:00Z,2020/1/01
327,34,34,27,4321,4321,40.4144117,-3.7035044,-3.7035044,40.4144117,9,2020-04-27T07:00:00Z,2020/1/01
328,34,34,27,7370,7370,40.4144117,-3.7035044,-3.7035044,40.4144117,11,2020-04-27T07:00:00Z,2020/1/01
329,34,34,27,7371,7371,40.4144117,-3.7035044,-3.7035044,40.4144117,10,2020-04-27T07:00:00Z,2020/1/01
330,34,34,27,7372,7372,40.4144117,-3.7035044,-3.7035044,40.4144117,12,2020-04-27T07:00:00Z,2020/1/01
331,34,34,27,7374,7374,40.4144117,-3.7035044,-3.7035044,40.4144117,2,2020-04-27T07:00:00Z,2020/1/01
332,34,34,27,7375,7375,40.4144117,-3.7035044,-3.7035044,40.4144117,9,2020-04-27T07:00:00Z,2020/1/01
333,34,34,27,7377,7377,40.4144117,-3.7035044,-3.7035044,40.4144117,10,2020-04-27T07:00:00Z,2020/1/01
334,34,34,27,7378,7378,40.4144117,-3.7035044,-3.7035044,40.4144117,10,2020-04-27T07:00:00Z,2020/1/01
335,34,34,27,7380,7380,40.4144117,-3.7035044,-3.7035044,40.4144117,10,2020-04-27T07:00:00Z,2020/1/01
336,34,34,27,7381,7381,40.4144117,-3.7035044,-3.7035044,40.4144117,12,2020-04-27T07:00:00Z,2020/1/01
337,34,34,27,7382,7382,40.4144117,-3.7035044,-3.7035044,40.4144117,5,2020-04-27T07:00:00Z,2020/1/01
338,34,34,27,7383,7383,40.4144117,-3.7035044,-3.7035044,40.4144117,8,2020-04-27T07:00:00Z,2020/1/01
339,41,41,27,2157,2157,40.412228,-3.6989898,-3.6989898,40.412228,2199,2020-04-24T12:00:00Z,2020/1/01
340,41,41,27,2805,2805,40.412228,-3.6989898,-3.6989898,40.412228,23,2020-04-25T07:00:00Z,2020/1/01
341,41,41,27,2806,2806,40.412228,-3.6989898,-3.6989898,40.412228,24,2020-04-25T07:00:00Z,2020/1/01
342,41,41,27,2807,2807,40.412228,-3.6989898,-3.6989898,40.412228,28,2020-04-25T07:00:00Z,2020/1/01
343,41,41,27,2808,2808,40.412228,-3.6989898,-3.6989898,40.412228,25,2020-04-25T07:00:00Z,2020/1/01
344,41,41,27,2810,2810,40.412228,-3.6989898,-3.6989898,40.412228,22,2020-04-25T07:00:00Z,2020/1/01
345,41,41,27,2814,2814,40.412228,-3.6989898,-3.6989898,40.412228,527,2020-04-25T07:00:00Z,2020/1/01
346,41,41,27,2815,2815,40.412228,-3.6989898,-3.6989898,40.412228,28,2020-04-25T07:00:00Z,2020/1/01
347,41,41,27,2816,2816,40.412228,-3.6989898,-3.6989898,40.412228,22,2020-04-25T07:00:00Z,2020/1/01
348,41,41,27,2817,2817,40.412228,-3.6989898,-3.6989898,40.412228,20,2020-04-25T07:00:00Z,2020/1/01
349,41,41,27,2833,2833,40.412228,-3.6989898,-3.6989898,40.412228,7,2020-04-25T08:00:00Z,2020/1/01
350,41,41,27,4967,4967,40.412228,-3.6989898,-3.6989898,40.412228,6,2020-04-28T06:00:00Z,2020/1/01
351,41,41,27,4969,4969,40.412228,-3.6989898,-3.6989898,40.412228,8,2020-04-28T06:00:00Z,2020/1/01
352,41,41,27,4970,4970,40.412228,-3.6989898,-3.6989898,40.412228,8,2020-04-28T06:00:00Z,2020/1/01
353,41,41,27,4971,4971,40.412228,-3.6989898,-3.6989898,40.412228,11,2020-04-28T06:00:00Z,2020/1/01
354,41,41,27,4973,4973,40.412228,-3.6989898,-3.6989898,40.412228,11,2020-04-28T06:00:00Z,2020/1/01
355,41,41,27,4981,4981,40.412228,-3.6989898,-3.6989898,40.412228,496,2020-04-28T06:00:00Z,2020/1/01
356,41,41,27,6705,6705,40.412228,-3.6989898,-3.6989898,40.412228,2072,2020-04-30T07:00:00Z,2020/1/01
357,41,41,27,6849,6849,40.412228,-3.6989898,-3.6989898,40.412228,1661,2020-04-30T11:00:00Z,2020/1/01
358,41,41,27,8013,8013,40.412228,-3.6989898,-3.6989898,40.412228,10,2020-04-28T06:00:00Z,2020/1/01
359,41,41,27,8014,8014,40.412228,-3.6989898,-3.6989898,40.412228,14,2020-04-28T06:00:00Z,2020/1/01
360,41,41,27,8016,8016,40.412228,-3.6989898,-3.6989898,40.412228,9,2020-04-28T06:00:00Z,2020/1/01
361,41,41,27,8017,8017,40.412228,-3.6989898,-3.6989898,40.412228,15,2020-04-28T06:00:00Z,2020/1/01
362,41,41,27,8018,8018,40.412228,-3.6989898,-3.6989898,40.412228,9,2020-04-28T06:00:00Z,2020/1/01
363,41,41,27,8019,8019,40.412228,-3.6989898,-3.6989898,40.412228,5,2020-04-28T06:00:00Z,2020/1/01
364,41,41,27,8020,8020,40.412228,-3.6989898,-3.6989898,40.412228,17,2020-04-28T06:00:00Z,2020/1/01
365,41,41,27,9522,9522,40.412228,-3.6989898,-3.6989898,40.412228,10,2020-04-29T23:00:00Z,2020/1/01
366,169,169,27,3194,3194,40.401578,-3.713846,-3.713846,40.401578,1994,2020-04-25T18:00:00Z,2020/1/01
367,169,169,27,3203,3203,40.401578,-3.713846,-3.713846,40.401578,2453,2020-04-25T18:00:00Z,2020/1/01
368,169,169,27,3584,3584,40.401578,-3.713846,-3.713846,40.401578,2136,2020-04-26T11:00:00Z,2020/1/01
369,169,169,27,3638,3638,40.401578,-3.713846,-3.713846,40.401578,3577,2020-04-26T12:00:00Z,2020/1/01
370,169,169,27,4717,4717,40.401578,-3.713846,-3.713846,40.401578,1051,2020-04-27T16:00:00Z,2020/1/01
371,169,169,27,5233,5233,40.401578,-3.713846,-3.713846,40.401578,1128,2020-04-28T11:00:00Z,2020/1/01
372,169,169,27,6003,6003,40.401578,-3.713846,-3.713846,40.401578,3331,2020-04-29T11:00:00Z,2020/1/01
373,169,169,27,6355,6355,40.401578,-3.713846,-3.713846,40.401578,9,2020-04-29T18:00:00Z,2020/1/01
374,169,169,27,6356,6356,40.401578,-3.713846,-3.713846,40.401578,11,2020-04-29T18:00:00Z,2020/1/01
375,169,169,27,6357,6357,40.401578,-3.713846,-3.713846,40.401578,10,2020-04-29T18:00:00Z,2020/1/01
376,169,169,27,6360,6360,40.401578,-3.713846,-3.713846,40.401578,25,2020-04-29T18:00:00Z,2020/1/01
377,169,169,27,6361,6361,40.401578,-3.713846,-3.713846,40.401578,4,2020-04-29T18:00:00Z,2020/1/01
378,169,169,27,6362,6362,40.401578,-3.713846,-3.713846,40.401578,7,2020-04-29T18:00:00Z,2020/1/01
379,169,169,27,6363,6363,40.401578,-3.713846,-3.713846,40.401578,25,2020-04-29T18:00:00Z,2020/1/01
380,169,169,27,6364,6364,40.401578,-3.713846,-3.713846,40.401578,11,2020-04-29T18:00:00Z,2020/1/01
381,169,169,27,6365,6365,40.401578,-3.713846,-3.713846,40.401578,12,2020-04-29T18:00:00Z,2020/1/01
382,169,169,27,6366,6366,40.401578,-3.713846,-3.713846,40.401578,8,2020-04-29T18:00:00Z,2020/1/01
383,169,169,27,6367,6367,40.401578,-3.713846,-3.713846,40.401578,13,2020-04-29T18:00:00Z,2020/1/01
384,169,169,27,6368,6368,40.401578,-3.713846,-3.713846,40.401578,6,2020-04-29T18:00:00Z,2020/1/01
385,169,169,27,6369,6369,40.401578,-3.713846,-3.713846,40.401578,7,2020-04-29T18:00:00Z,2020/1/01
386,169,169,27,6404,6404,40.401578,-3.713846,-3.713846,40.401578,2206,2020-04-29T18:00:00Z,2020/1/01
387,169,169,27,9398,9398,40.401578,-3.713846,-3.713846,40.401578,10,2020-04-29T18:00:00Z,2020/1/01
388,169,169,27,9399,9399,40.401578,-3.713846,-3.713846,40.401578,3,2020-04-29T18:00:00Z,2020/1/01
389,169,169,27,9401,9401,40.401578,-3.713846,-3.713846,40.401578,8,2020-04-29T18:00:00Z,2020/1/01
390,169,169,27,9403,9403,40.401578,-3.713846,-3.713846,40.401578,6,2020-04-29T18:00:00Z,2020/1/01
391,169,169,27,9404,9404,40.401578,-3.713846,-3.713846,40.401578,8,2020-04-29T18:00:00Z,2020/1/01
392,169,169,27,9891,9891,40.401578,-3.713846,-3.713846,40.401578,1050,2020-04-30T12:00:00Z,2020/1/01
393,26,26,26,3801,3801,40.4238308,-3.6945421,-3.6945421,40.4238308,1566,2020-04-26T18:00:00Z,2020/1/01
394,26,26,26,3963,3963,40.4238308,-3.6945421,-3.6945421,40.4238308,12,2020-04-27T05:00:00Z,2020/1/01
395,26,26,26,4272,4272,40.4238308,-3.6945421,-3.6945421,40.4238308,14,2020-04-27T07:00:00Z,2020/1/01
396,26,26,26,4273,4273,40.4238308,-3.6945421,-3.6945421,40.4238308,14,2020-04-27T07:00:00Z,2020/1/01
397,26,26,26,4274,4274,40.4238308,-3.6945421,-3.6945421,40.4238308,15,2020-04-27T07:00:00Z,2020/1/01
398,26,26,26,4275,4275,40.4238308,-3.6945421,-3.6945421,40.4238308,8,2020-04-27T07:00:00Z,2020/1/01
399,26,26,26,4276,4276,40.4238308,-3.6945421,-3.6945421,40.4238308,8,2020-04-27T07:00:00Z,2020/1/01
400,26,26,26,4277,4277,40.4238308,-3.6945421,-3.6945421,40.4238308,12,2020-04-27T07:00:00Z,2020/1/01
401,26,26,26,4278,4278,40.4238308,-3.6945421,-3.6945421,40.4238308,7,2020-04-27T07:00:00Z,2020/1/01
402,26,26,26,4279,4279,40.4238308,-3.6945421,-3.6945421,40.4238308,14,2020-04-27T07:00:00Z,2020/1/01
403,26,26,26,4280,4280,40.4238308,-3.6945421,-3.6945421,40.4238308,9,2020-04-27T07:00:00Z,2020/1/01
404,26,26,26,4281,4281,40.4238308,-3.6945421,-3.6945421,40.4238308,16,2020-04-27T07:00:00Z,2020/1/01
405,26,26,26,4283,4283,40.4238308,-3.6945421,-3.6945421,40.4238308,8,2020-04-27T07:00:00Z,2020/1/01
406,26,26,26,5243,5243,40.4238308,-3.6945421,-3.6945421,40.4238308,1956,2020-04-28T11:00:00Z,2020/1/01
407,26,26,26,7344,7344,40.4238308,-3.6945421,-3.6945421,40.4238308,6,2020-04-27T07:00:00Z,2020/1/01
408,26,26,26,7345,7345,40.4238308,-3.6945421,-3.6945421,40.4238308,8,2020-04-27T07:00:00Z,2020/1/01
409,26,26,26,7346,7346,40.4238308,-3.6945421,-3.6945421,40.4238308,10,2020-04-27T07:00:00Z,2020/1/01
410,26,26,26,7347,7347,40.4238308,-3.6945421,-3.6945421,40.4238308,8,2020-04-27T07:00:00Z,2020/1/01
411,26,26,26,7348,7348,40.4238308,-3.6945421,-3.6945421,40.4238308,9,2020-04-27T07:00:00Z,2020/1/01
412,26,26,26,7349,7349,40.4238308,-3.6945421,-3.6945421,40.4238308,16,2020-04-27T07:00:00Z,2020/1/01
413,26,26,26,7350,7350,40.4238308,-3.6945421,-3.6945421,40.4238308,7,2020-04-27T07:00:00Z,2020/1/01
414,26,26,26,7352,7352,40.4238308,-3.6945421,-3.6945421,40.4238308,16,2020-04-27T07:00:00Z,2020/1/01
415,26,26,26,7353,7353,40.4238308,-3.6945421,-3.6945421,40.4238308,14,2020-04-27T07:00:00Z,2020/1/01
416,26,26,26,7354,7354,40.4238308,-3.6945421,-3.6945421,40.4238308,11,2020-04-27T07:00:00Z,2020/1/01
417,26,26,26,8468,8468,40.4238308,-3.6945421,-3.6945421,40.4238308,1015,2020-04-28T16:00:00Z,2020/1/01
418,26,26,26,9028,9028,40.4238308,-3.6945421,-3.6945421,40.4238308,4063,2020-04-29T10:00:00Z,2020/1/01
419,60,60,25,3395,3395,40.4194508,-3.6881994,-3.6881994,40.4194508,11,2020-04-26T06:00:00Z,2020/1/01
420,60,60,25,3397,3397,40.4194508,-3.6881994,-3.6881994,40.4194508,10,2020-04-26T06:00:00Z,2020/1/01
421,60,60,25,4076,4076,40.4194508,-3.6881994,-3.6881994,40.4194508,9,2020-04-27T06:00:00Z,2020/1/01
422,60,60,25,4077,4077,40.4194508,-3.6881994,-3.6881994,40.4194508,10,2020-04-27T06:00:00Z,2020/1/01
423,60,60,25,4078,4078,40.4194508,-3.6881994,-3.6881994,40.4194508,4,2020-04-27T06:00:00Z,2020/1/01
424,60,60,25,4079,4079,40.4194508,-3.6881994,-3.6881994,40.4194508,8,2020-04-27T06:00:00Z,2020/1/01
425,60,60,25,4081,4081,40.4194508,-3.6881994,-3.6881994,40.4194508,11,2020-04-27T06:00:00Z,2020/1/01
426,60,60,25,4082,4082,40.4194508,-3.6881994,-3.6881994,40.4194508,8,2020-04-27T06:00:00Z,2020/1/01
427,60,60,25,4086,4086,40.4194508,-3.6881994,-3.6881994,40.4194508,19,2020-04-27T06:00:00Z,2020/1/01
428,60,60,25,4087,4087,40.4194508,-3.6881994,-3.6881994,40.4194508,12,2020-04-27T06:00:00Z,2020/1/01
429,60,60,25,4089,4089,40.4194508,-3.6881994,-3.6881994,40.4194508,18,2020-04-27T06:00:00Z,2020/1/01
430,60,60,25,4090,4090,40.4194508,-3.6881994,-3.6881994,40.4194508,9,2020-04-27T06:00:00Z,2020/1/01
431,60,60,25,4091,4091,40.4194508,-3.6881994,-3.6881994,40.4194508,13,2020-04-27T06:00:00Z,2020/1/01
432,60,60,25,4092,4092,40.4194508,-3.6881994,-3.6881994,40.4194508,5,2020-04-27T06:00:00Z,2020/1/01
433,60,60,25,4094,4094,40.4194508,-3.6881994,-3.6881994,40.4194508,8,2020-04-27T06:00:00Z,2020/1/01
434,60,60,25,4095,4095,40.4194508,-3.6881994,-3.6881994,40.4194508,11,2020-04-27T06:00:00Z,2020/1/01
435,60,60,25,4096,4096,40.4194508,-3.6881994,-3.6881994,40.4194508,6,2020-04-27T06:00:00Z,2020/1/01
436,60,60,25,4097,4097,40.4194508,-3.6881994,-3.6881994,40.4194508,13,2020-04-27T06:00:00Z,2020/1/01
437,60,60,25,4098,4098,40.4194508,-3.6881994,-3.6881994,40.4194508,6,2020-04-27T06:00:00Z,2020/1/01
438,60,60,25,4099,4099,40.4194508,-3.6881994,-3.6881994,40.4194508,9,2020-04-27T06:00:00Z,2020/1/01
439,60,60,25,4101,4101,40.4194508,-3.6881994,-3.6881994,40.4194508,4,2020-04-27T06:00:00Z,2020/1/01
440,60,60,25,4102,4102,40.4194508,-3.6881994,-3.6881994,40.4194508,9,2020-04-27T06:00:00Z,2020/1/01
441,60,60,25,4104,4104,40.4194508,-3.6881994,-3.6881994,40.4194508,19,2020-04-27T06:00:00Z,2020/1/01
442,60,60,25,4106,4106,40.4194508,-3.6881994,-3.6881994,40.4194508,44,2020-04-27T06:00:00Z,2020/1/01
443,60,60,25,4107,4107,40.4194508,-3.6881994,-3.6881994,40.4194508,7,2020-04-27T06:00:00Z,2020/1/01
444,164,164,25,2534,2534,40.3971366,-3.6944851,-3.6944851,40.3971366,3527,2020-04-24T18:00:00Z,2020/1/01
445,164,164,25,3031,3031,40.3971366,-3.6944851,-3.6944851,40.3971366,1492,2020-04-25T12:00:00Z,2020/1/01
446,164,164,25,3114,3114,40.3971366,-3.6944851,-3.6944851,40.3971366,1662,2020-04-25T15:00:00Z,2020/1/01
447,164,164,25,3138,3138,40.3971366,-3.6944851,-3.6944851,40.3971366,2371,2020-04-25T16:00:00Z,2020/1/01
448,164,164,25,3214,3214,40.3971366,-3.6944851,-3.6944851,40.3971366,5192,2020-04-25T18:00:00Z,2020/1/01
449,164,164,25,3330,3330,40.3971366,-3.6944851,-3.6944851,40.3971366,4635,2020-04-26T00:00:00Z,2020/1/01
450,164,164,25,3588,3588,40.3971366,-3.6944851,-3.6944851,40.3971366,1263,2020-04-26T11:00:00Z,2020/1/01
451,164,164,25,3632,3632,40.3971366,-3.6944851,-3.6944851,40.3971366,1068,2020-04-26T12:00:00Z,2020/1/01
452,164,164,25,3676,3676,40.3971366,-3.6944851,-3.6944851,40.3971366,2605,2020-04-26T13:00:00Z,2020/1/01
453,164,164,25,3690,3690,40.3971366,-3.6944851,-3.6944851,40.3971366,1356,2020-04-26T14:00:00Z,2020/1/01
454,164,164,25,3752,3752,40.3971366,-3.6944851,-3.6944851,40.3971366,1301,2020-04-26T16:00:00Z,2020/1/01
455,164,164,25,3818,3818,40.3971366,-3.6944851,-3.6944851,40.3971366,4356,2020-04-26T18:00:00Z,2020/1/01
456,164,164,25,3859,3859,40.3971366,-3.6944851,-3.6944851,40.3971366,1048,2020-04-26T20:00:00Z,2020/1/01
457,164,164,25,4591,4591,40.3971366,-3.6944851,-3.6944851,40.3971366,1186,2020-04-27T12:00:00Z,2020/1/01
458,164,164,25,4613,4613,40.3971366,-3.6944851,-3.6944851,40.3971366,1448,2020-04-27T12:00:00Z,2020/1/01
459,164,164,25,4657,4657,40.3971366,-3.6944851,-3.6944851,40.3971366,1786,2020-04-27T13:00:00Z,2020/1/01
460,164,164,25,4684,4684,40.3971366,-3.6944851,-3.6944851,40.3971366,1815,2020-04-27T14:00:00Z,2020/1/01
461,164,164,25,4729,4729,40.3971366,-3.6944851,-3.6944851,40.3971366,1340,2020-04-27T16:00:00Z,2020/1/01
462,164,164,25,5369,5369,40.3971366,-3.6944851,-3.6944851,40.3971366,1935,2020-04-28T13:00:00Z,2020/1/01
463,164,164,25,5536,5536,40.3971366,-3.6944851,-3.6944851,40.3971366,1501,2020-04-28T18:00:00Z,2020/1/01
464,164,164,25,8489,8489,40.3971366,-3.6944851,-3.6944851,40.3971366,1164,2020-04-28T16:00:00Z,2020/1/01
465,164,164,25,9449,9449,40.3971366,-3.6944851,-3.6944851,40.3971366,1185,2020-04-29T19:00:00Z,2020/1/01
466,164,164,25,9859,9859,40.3971366,-3.6944851,-3.6944851,40.3971366,1667,2020-04-30T11:00:00Z,2020/1/01
467,164,164,25,9860,9860,40.3971366,-3.6944851,-3.6944851,40.3971366,2776,2020-04-30T11:00:00Z,2020/1/01
468,164,164,25,10139,10139,40.3971366,-3.6944851,-3.6944851,40.3971366,1362,2020-04-30T16:00:00Z,2020/1/01
469,149,149,25,312,312,40.4498448,-3.6878512,-3.6878512,40.4498448,1122,2020-04-22T09:00:00Z,2020/1/01
470,149,149,25,2149,2149,40.4498448,-3.6878512,-3.6878512,40.4498448,1189,2020-04-24T12:00:00Z,2020/1/01
471,149,149,25,2849,2849,40.4498448,-3.6878512,-3.6878512,40.4498448,11,2020-04-25T08:00:00Z,2020/1/01
472,149,149,25,3573,3573,40.4498448,-3.6878512,-3.6878512,40.4498448,973,2020-04-26T11:00:00Z,2020/1/01
473,149,149,25,3625,3625,40.4498448,-3.6878512,-3.6878512,40.4498448,2600,2020-04-26T12:00:00Z,2020/1/01
474,149,149,25,5125,5125,40.4498448,-3.6878512,-3.6878512,40.4498448,9,2020-04-28T09:00:00Z,2020/1/01
475,149,149,25,5669,5669,40.4498448,-3.6878512,-3.6878512,40.4498448,1206,2020-04-29T05:00:00Z,2020/1/01
476,149,149,25,5878,5878,40.4498448,-3.6878512,-3.6878512,40.4498448,10,2020-04-29T09:00:00Z,2020/1/01
477,149,149,25,5881,5881,40.4498448,-3.6878512,-3.6878512,40.4498448,8,2020-04-29T09:00:00Z,2020/1/01
478,149,149,25,5883,5883,40.4498448,-3.6878512,-3.6878512,40.4498448,9,2020-04-29T09:00:00Z,2020/1/01
479,149,149,25,7158,7158,40.4498448,-3.6878512,-3.6878512,40.4498448,4464,2020-04-30T16:00:00Z,2020/1/01
480,149,149,25,8491,8491,40.4498448,-3.6878512,-3.6878512,40.4498448,1115,2020-04-28T16:00:00Z,2020/1/01
481,149,149,25,8940,8940,40.4498448,-3.6878512,-3.6878512,40.4498448,14,2020-04-29T09:00:00Z,2020/1/01
482,149,149,25,8941,8941,40.4498448,-3.6878512,-3.6878512,40.4498448,11,2020-04-29T09:00:00Z,2020/1/01
483,149,149,25,8942,8942,40.4498448,-3.6878512,-3.6878512,40.4498448,5,2020-04-29T09:00:00Z,2020/1/01
484,149,149,25,8943,8943,40.4498448,-3.6878512,-3.6878512,40.4498448,11,2020-04-29T09:00:00Z,2020/1/01
485,149,149,25,8944,8944,40.4498448,-3.6878512,-3.6878512,40.4498448,6,2020-04-29T09:00:00Z,2020/1/01
486,149,149,25,8945,8945,40.4498448,-3.6878512,-3.6878512,40.4498448,6,2020-04-29T09:00:00Z,2020/1/01
487,149,149,25,8946,8946,40.4498448,-3.6878512,-3.6878512,40.4498448,82,2020-04-29T09:00:00Z,2020/1/01
488,149,149,25,8948,8948,40.4498448,-3.6878512,-3.6878512,40.4498448,10,2020-04-29T09:00:00Z,2020/1/01
489,149,149,25,8949,8949,40.4498448,-3.6878512,-3.6878512,40.4498448,6,2020-04-29T09:00:00Z,2020/1/01
490,149,149,25,8950,8950,40.4498448,-3.6878512,-3.6878512,40.4498448,9,2020-04-29T09:00:00Z,2020/1/01
491,149,149,25,8951,8951,40.4498448,-3.6878512,-3.6878512,40.4498448,10,2020-04-29T09:00:00Z,2020/1/01
492,149,149,25,9978,9978,40.4498448,-3.6878512,-3.6878512,40.4498448,969,2020-04-30T13:00:00Z,2020/1/01
493,149,149,25,10146,10146,40.4498448,-3.6878512,-3.6878512,40.4498448,552,2020-04-30T16:00:00Z,2020/1/01
494,126,126,23,63,63,40.4345672,-3.7017424,-3.7017424,40.4345672,14,2020-04-20T16:00:00Z,2020/1/01
495,126,126,23,66,66,40.4345672,-3.7017424,-3.7017424,40.4345672,8,2020-04-20T16:00:00Z,2020/1/01
496,126,126,23,67,67,40.4345672,-3.7017424,-3.7017424,40.4345672,13,2020-04-20T16:00:00Z,2020/1/01
497,126,126,23,68,68,40.4345672,-3.7017424,-3.7017424,40.4345672,6,2020-04-20T16:00:00Z,2020/1/01
498,126,126,23,69,69,40.4345672,-3.7017424,-3.7017424,40.4345672,14,2020-04-20T16:00:00Z,2020/1/01
499,126,126,23,70,70,40.4345672,-3.7017424,-3.7017424,40.4345672,9,2020-04-20T16:00:00Z,2020/1/01
500,126,126,23,71,71,40.4345672,-3.7017424,-3.7017424,40.4345672,18,2020-04-20T16:00:00Z,2020/1/01
501,126,126,23,72,72,40.4345672,-3.7017424,-3.7017424,40.4345672,6,2020-04-20T16:00:00Z,2020/1/01
502,126,126,23,73,73,40.4345672,-3.7017424,-3.7017424,40.4345672,19,2020-04-20T16:00:00Z,2020/1/01
503,126,126,23,74,74,40.4345672,-3.7017424,-3.7017424,40.4345672,17,2020-04-20T16:00:00Z,2020/1/01
504,126,126,23,75,75,40.4345672,-3.7017424,-3.7017424,40.4345672,50,2020-04-20T16:00:00Z,2020/1/01
505,126,126,23,76,76,40.4345672,-3.7017424,-3.7017424,40.4345672,26,2020-04-20T16:00:00Z,2020/1/01
506,126,126,23,77,77,40.4345672,-3.7017424,-3.7017424,40.4345672,17,2020-04-20T16:00:00Z,2020/1/01
507,126,126,23,78,78,40.4345672,-3.7017424,-3.7017424,40.4345672,18,2020-04-20T16:00:00Z,2020/1/01
508,126,126,23,79,79,40.4345672,-3.7017424,-3.7017424,40.4345672,15,2020-04-20T16:00:00Z,2020/1/01
509,126,126,23,80,80,40.4345672,-3.7017424,-3.7017424,40.4345672,43,2020-04-20T16:00:00Z,2020/1/01
510,126,126,23,81,81,40.4345672,-3.7017424,-3.7017424,40.4345672,12,2020-04-20T16:00:00Z,2020/1/01
511,126,126,23,82,82,40.4345672,-3.7017424,-3.7017424,40.4345672,20,2020-04-20T16:00:00Z,2020/1/01
512,126,126,23,83,83,40.4345672,-3.7017424,-3.7017424,40.4345672,16,2020-04-20T16:00:00Z,2020/1/01
513,126,126,23,84,84,40.4345672,-3.7017424,-3.7017424,40.4345672,12,2020-04-20T16:00:00Z,2020/1/01
514,126,126,23,85,85,40.4345672,-3.7017424,-3.7017424,40.4345672,16,2020-04-20T16:00:00Z,2020/1/01
515,126,126,23,281,281,40.4345672,-3.7017424,-3.7017424,40.4345672,16,2020-04-22T09:00:00Z,2020/1/01
516,126,126,23,6775,6775,40.4345672,-3.7017424,-3.7017424,40.4345672,558,2020-04-30T09:00:00Z,2020/1/01
517,59,59,22,53,53,40.4254802,-3.7041167,-3.7041167,40.4254802,5,2020-04-20T15:00:00Z,2020/1/01
518,59,59,22,54,54,40.4254802,-3.7041167,-3.7041167,40.4254802,5,2020-04-20T15:00:00Z,2020/1/01
519,59,59,22,55,55,40.4254802,-3.7041167,-3.7041167,40.4254802,5,2020-04-20T15:00:00Z,2020/1/01
520,59,59,22,56,56,40.4254802,-3.7041167,-3.7041167,40.4254802,5,2020-04-20T15:00:00Z,2020/1/01
521,59,59,22,57,57,40.4254802,-3.7041167,-3.7041167,40.4254802,5,2020-04-20T15:00:00Z,2020/1/01
522,59,59,22,104,104,40.4254802,-3.7041167,-3.7041167,40.4254802,4,2020-04-21T08:00:00Z,2020/1/01
523,59,59,22,105,105,40.4254802,-3.7041167,-3.7041167,40.4254802,6,2020-04-21T08:00:00Z,2020/1/01
524,59,59,22,106,106,40.4254802,-3.7041167,-3.7041167,40.4254802,4,2020-04-21T08:00:00Z,2020/1/01
525,59,59,22,107,107,40.4254802,-3.7041167,-3.7041167,40.4254802,5,2020-04-21T08:00:00Z,2020/1/01
526,59,59,22,108,108,40.4254802,-3.7041167,-3.7041167,40.4254802,4,2020-04-21T08:00:00Z,2020/1/01
527,59,59,22,149,149,40.4254802,-3.7041167,-3.7041167,40.4254802,13,2020-04-22T06:00:00Z,2020/1/01
528,59,59,22,150,150,40.4254802,-3.7041167,-3.7041167,40.4254802,51,2020-04-22T06:00:00Z,2020/1/01
529,59,59,22,674,674,40.4254802,-3.7041167,-3.7041167,40.4254802,12824,2020-04-22T18:00:00Z,2020/1/01
530,59,59,22,3109,3109,40.4254802,-3.7041167,-3.7041167,40.4254802,2436,2020-04-25T14:00:00Z,2020/1/01
531,59,59,22,3157,3157,40.4254802,-3.7041167,-3.7041167,40.4254802,303,2020-04-25T17:00:00Z,2020/1/01
532,59,59,22,3264,3264,40.4254802,-3.7041167,-3.7041167,40.4254802,1710,2020-04-25T20:00:00Z,2020/1/01
533,59,59,22,4488,4488,40.4254802,-3.7041167,-3.7041167,40.4254802,9,2020-04-27T10:00:00Z,2020/1/01
534,59,59,22,6111,6111,40.4254802,-3.7041167,-3.7041167,40.4254802,790,2020-04-29T13:00:00Z,2020/1/01
535,59,59,22,6317,6317,40.4254802,-3.7041167,-3.7041167,40.4254802,18320,2020-04-29T16:00:00Z,2020/1/01
536,59,59,22,7058,7058,40.4254802,-3.7041167,-3.7041167,40.4254802,924,2020-04-30T14:00:00Z,2020/1/01
537,59,59,22,7542,7542,40.4254802,-3.7041167,-3.7041167,40.4254802,4,2020-04-27T10:00:00Z,2020/1/01
538,59,59,22,7573,7573,40.4254802,-3.7041167,-3.7041167,40.4254802,695,2020-04-27T11:00:00Z,2020/1/01
539,53,53,22,1381,1381,40.4082802,-3.7007295,-3.7007295,40.4082802,6,2020-04-23T16:00:00Z,2020/1/01
540,53,53,22,1382,1382,40.4082802,-3.7007295,-3.7007295,40.4082802,10,2020-04-23T16:00:00Z,2020/1/01
541,53,53,22,1383,1383,40.4082802,-3.7007295,-3.7007295,40.4082802,6,2020-04-23T16:00:00Z,2020/1/01
542,53,53,22,2316,2316,40.4082802,-3.7007295,-3.7007295,40.4082802,3278,2020-04-24T14:00:00Z,2020/1/01
543,53,53,22,5393,5393,40.4082802,-3.7007295,-3.7007295,40.4082802,2598,2020-04-28T14:00:00Z,2020/1/01
544,53,53,22,5402,5402,40.4082802,-3.7007295,-3.7007295,40.4082802,8,2020-04-28T15:00:00Z,2020/1/01
545,53,53,22,5403,5403,40.4082802,-3.7007295,-3.7007295,40.4082802,7,2020-04-28T15:00:00Z,2020/1/01
546,53,53,22,5404,5404,40.4082802,-3.7007295,-3.7007295,40.4082802,8,2020-04-28T15:00:00Z,2020/1/01
547,53,53,22,5405,5405,40.4082802,-3.7007295,-3.7007295,40.4082802,6,2020-04-28T15:00:00Z,2020/1/01
548,53,53,22,5406,5406,40.4082802,-3.7007295,-3.7007295,40.4082802,6,2020-04-28T15:00:00Z,2020/1/01
549,53,53,22,5407,5407,40.4082802,-3.7007295,-3.7007295,40.4082802,7,2020-04-28T15:00:00Z,2020/1/01
550,53,53,22,5408,5408,40.4082802,-3.7007295,-3.7007295,40.4082802,20,2020-04-28T15:00:00Z,2020/1/01
551,53,53,22,6511,6511,40.4082802,-3.7007295,-3.7007295,40.4082802,10,2020-04-30T01:00:00Z,2020/1/01
552,53,53,22,7727,7727,40.4082802,-3.7007295,-3.7007295,40.4082802,2574,2020-04-27T14:00:00Z,2020/1/01
553,53,53,22,8406,8406,40.4082802,-3.7007295,-3.7007295,40.4082802,1692,2020-04-28T14:00:00Z,2020/1/01
554,53,53,22,8420,8420,40.4082802,-3.7007295,-3.7007295,40.4082802,5,2020-04-28T15:00:00Z,2020/1/01
555,53,53,22,8421,8421,40.4082802,-3.7007295,-3.7007295,40.4082802,8,2020-04-28T15:00:00Z,2020/1/01
556,53,53,22,8422,8422,40.4082802,-3.7007295,-3.7007295,40.4082802,12,2020-04-28T15:00:00Z,2020/1/01
557,53,53,22,8423,8423,40.4082802,-3.7007295,-3.7007295,40.4082802,6,2020-04-28T15:00:00Z,2020/1/01
558,53,53,22,8424,8424,40.4082802,-3.7007295,-3.7007295,40.4082802,11,2020-04-28T15:00:00Z,2020/1/01
559,53,53,22,8425,8425,40.4082802,-3.7007295,-3.7007295,40.4082802,78,2020-04-28T15:00:00Z,2020/1/01
560,53,53,22,8427,8427,40.4082802,-3.7007295,-3.7007295,40.4082802,16,2020-04-28T15:00:00Z,2020/1/01
561,134,134,22,39,39,40.444027,-3.6955114,-3.6955114,40.444027,10,2020-04-20T10:00:00Z,2020/1/01
562,134,134,22,2331,2331,40.444027,-3.6955114,-3.6955114,40.444027,1070,2020-04-24T15:00:00Z,2020/1/01
563,134,134,22,3074,3074,40.444027,-3.6955114,-3.6955114,40.444027,1994,2020-04-25T13:00:00Z,2020/1/01
564,134,134,22,3093,3093,40.444027,-3.6955114,-3.6955114,40.444027,871,2020-04-25T14:00:00Z,2020/1/01
565,134,134,22,3791,3791,40.444027,-3.6955114,-3.6955114,40.444027,6063,2020-04-26T17:00:00Z,2020/1/01
566,134,134,22,5098,5098,40.444027,-3.6955114,-3.6955114,40.444027,18,2020-04-28T08:00:00Z,2020/1/01
567,134,134,22,5100,5100,40.444027,-3.6955114,-3.6955114,40.444027,9,2020-04-28T08:00:00Z,2020/1/01
568,134,134,22,5101,5101,40.444027,-3.6955114,-3.6955114,40.444027,8,2020-04-28T08:00:00Z,2020/1/01
569,134,134,22,5102,5102,40.444027,-3.6955114,-3.6955114,40.444027,12,2020-04-28T08:00:00Z,2020/1/01
570,134,134,22,5103,5103,40.444027,-3.6955114,-3.6955114,40.444027,9,2020-04-28T08:00:00Z,2020/1/01
571,134,134,22,5104,5104,40.444027,-3.6955114,-3.6955114,40.444027,7,2020-04-28T08:00:00Z,2020/1/01
572,134,134,22,5105,5105,40.444027,-3.6955114,-3.6955114,40.444027,6,2020-04-28T08:00:00Z,2020/1/01
573,134,134,22,5106,5106,40.444027,-3.6955114,-3.6955114,40.444027,26,2020-04-28T08:00:00Z,2020/1/01
574,134,134,22,5581,5581,40.444027,-3.6955114,-3.6955114,40.444027,694,2020-04-28T20:00:00Z,2020/1/01
575,134,134,22,6501,6501,40.444027,-3.6955114,-3.6955114,40.444027,9,2020-04-30T00:00:00Z,2020/1/01
576,134,134,22,7682,7682,40.444027,-3.6955114,-3.6955114,40.444027,1684,2020-04-27T13:00:00Z,2020/1/01
577,134,134,22,8138,8138,40.444027,-3.6955114,-3.6955114,40.444027,8,2020-04-28T08:00:00Z,2020/1/01
578,134,134,22,8139,8139,40.444027,-3.6955114,-3.6955114,40.444027,7,2020-04-28T08:00:00Z,2020/1/01
579,134,134,22,8140,8140,40.444027,-3.6955114,-3.6955114,40.444027,13,2020-04-28T08:00:00Z,2020/1/01
580,134,134,22,8626,8626,40.444027,-3.6955114,-3.6955114,40.444027,546,2020-04-28T21:00:00Z,2020/1/01
581,134,134,22,9422,9422,40.444027,-3.6955114,-3.6955114,40.444027,486,2020-04-29T18:00:00Z,2020/1/01
582,134,134,22,9765,9765,40.444027,-3.6955114,-3.6955114,40.444027,546,2020-04-30T09:00:00Z,2020/1/01
583,141,141,22,2541,2541,40.4354253,-3.6892902,-3.6892902,40.4354253,3208,2020-04-24T18:00:00Z,2020/1/01
584,141,141,22,2600,2600,40.4354253,-3.6892902,-3.6892902,40.4354253,7048,2020-04-24T19:00:00Z,2020/1/01
585,141,141,22,3182,3182,40.4354253,-3.6892902,-3.6892902,40.4354253,1507,2020-04-25T17:00:00Z,2020/1/01
586,141,141,22,3198,3198,40.4354253,-3.6892902,-3.6892902,40.4354253,939,2020-04-25T18:00:00Z,2020/1/01
587,141,141,22,3223,3223,40.4354253,-3.6892902,-3.6892902,40.4354253,1455,2020-04-25T19:00:00Z,2020/1/01
588,141,141,22,3240,3240,40.4354253,-3.6892902,-3.6892902,40.4354253,1037,2020-04-25T19:00:00Z,2020/1/01
589,141,141,22,3586,3586,40.4354253,-3.6892902,-3.6892902,40.4354253,3395,2020-04-26T11:00:00Z,2020/1/01
590,141,141,22,3789,3789,40.4354253,-3.6892902,-3.6892902,40.4354253,2942,2020-04-26T17:00:00Z,2020/1/01
591,141,141,22,3816,3816,40.4354253,-3.6892902,-3.6892902,40.4354253,2483,2020-04-26T18:00:00Z,2020/1/01
592,141,141,22,3850,3850,40.4354253,-3.6892902,-3.6892902,40.4354253,1822,2020-04-26T19:00:00Z,2020/1/01
593,141,141,22,3872,3872,40.4354253,-3.6892902,-3.6892902,40.4354253,802,2020-04-26T20:00:00Z,2020/1/01
594,141,141,22,5773,5773,40.4354253,-3.6892902,-3.6892902,40.4354253,7,2020-04-29T07:00:00Z,2020/1/01
595,141,141,22,5775,5775,40.4354253,-3.6892902,-3.6892902,40.4354253,9,2020-04-29T07:00:00Z,2020/1/01
596,141,141,22,5776,5776,40.4354253,-3.6892902,-3.6892902,40.4354253,8,2020-04-29T07:00:00Z,2020/1/01
597,141,141,22,5777,5777,40.4354253,-3.6892902,-3.6892902,40.4354253,7,2020-04-29T07:00:00Z,2020/1/01
598,141,141,22,5778,5778,40.4354253,-3.6892902,-3.6892902,40.4354253,15,2020-04-29T07:00:00Z,2020/1/01
599,141,141,22,6383,6383,40.4354253,-3.6892902,-3.6892902,40.4354253,2642,2020-04-29T18:00:00Z,2020/1/01
600,141,141,22,8813,8813,40.4354253,-3.6892902,-3.6892902,40.4354253,9,2020-04-29T07:00:00Z,2020/1/01
601,141,141,22,8814,8814,40.4354253,-3.6892902,-3.6892902,40.4354253,9,2020-04-29T07:00:00Z,2020/1/01
602,141,141,22,8816,8816,40.4354253,-3.6892902,-3.6892902,40.4354253,4,2020-04-29T07:00:00Z,2020/1/01
603,141,141,22,8817,8817,40.4354253,-3.6892902,-3.6892902,40.4354253,9,2020-04-29T07:00:00Z,2020/1/01
604,141,141,22,9523,9523,40.4354253,-3.6892902,-3.6892902,40.4354253,44,2020-04-29T23:00:00Z,2020/1/01
605,42,42,22,5013,5013,40.4107714,-3.6982294,-3.6982294,40.4107714,11,2020-04-28T07:00:00Z,2020/1/01
606,42,42,22,5014,5014,40.4107714,-3.6982294,-3.6982294,40.4107714,8,2020-04-28T07:00:00Z,2020/1/01
607,42,42,22,5015,5015,40.4107714,-3.6982294,-3.6982294,40.4107714,10,2020-04-28T07:00:00Z,2020/1/01
608,42,42,22,5016,5016,40.4107714,-3.6982294,-3.6982294,40.4107714,10,2020-04-28T07:00:00Z,2020/1/01
609,42,42,22,5017,5017,40.4107714,-3.6982294,-3.6982294,40.4107714,11,2020-04-28T07:00:00Z,2020/1/01
610,42,42,22,5018,5018,40.4107714,-3.6982294,-3.6982294,40.4107714,62,2020-04-28T07:00:00Z,2020/1/01
611,42,42,22,5019,5019,40.4107714,-3.6982294,-3.6982294,40.4107714,355,2020-04-28T07:00:00Z,2020/1/01
612,42,42,22,5025,5025,40.4107714,-3.6982294,-3.6982294,40.4107714,11,2020-04-28T07:00:00Z,2020/1/01
613,42,42,22,5026,5026,40.4107714,-3.6982294,-3.6982294,40.4107714,17,2020-04-28T07:00:00Z,2020/1/01
614,42,42,22,5028,5028,40.4107714,-3.6982294,-3.6982294,40.4107714,13,2020-04-28T07:00:00Z,2020/1/01
615,42,42,22,5051,5051,40.4107714,-3.6982294,-3.6982294,40.4107714,12,2020-04-28T07:00:00Z,2020/1/01
616,42,42,22,5052,5052,40.4107714,-3.6982294,-3.6982294,40.4107714,7,2020-04-28T07:00:00Z,2020/1/01
617,42,42,22,8060,8060,40.4107714,-3.6982294,-3.6982294,40.4107714,9,2020-04-28T07:00:00Z,2020/1/01
618,42,42,22,8061,8061,40.4107714,-3.6982294,-3.6982294,40.4107714,9,2020-04-28T07:00:00Z,2020/1/01
619,42,42,22,8062,8062,40.4107714,-3.6982294,-3.6982294,40.4107714,7,2020-04-28T07:00:00Z,2020/1/01
620,42,42,22,8063,8063,40.4107714,-3.6982294,-3.6982294,40.4107714,7,2020-04-28T07:00:00Z,2020/1/01
621,42,42,22,8064,8064,40.4107714,-3.6982294,-3.6982294,40.4107714,8,2020-04-28T07:00:00Z,2020/1/01
622,42,42,22,8065,8065,40.4107714,-3.6982294,-3.6982294,40.4107714,8,2020-04-28T07:00:00Z,2020/1/01
623,42,42,22,8066,8066,40.4107714,-3.6982294,-3.6982294,40.4107714,95,2020-04-28T07:00:00Z,2020/1/01
624,42,42,22,8068,8068,40.4107714,-3.6982294,-3.6982294,40.4107714,9,2020-04-28T07:00:00Z,2020/1/01
625,42,42,22,8069,8069,40.4107714,-3.6982294,-3.6982294,40.4107714,600,2020-04-28T07:00:00Z,2020/1/01
626,42,42,22,9382,9382,40.4107714,-3.6982294,-3.6982294,40.4107714,1956,2020-04-29T17:00:00Z,2020/1/01
627,27,27,22,4339,4339,40.4132831,-3.6955803,-3.6955803,40.4132831,7,2020-04-27T07:00:00Z,2020/1/01
628,27,27,22,4340,4340,40.4132831,-3.6955803,-3.6955803,40.4132831,9,2020-04-27T07:00:00Z,2020/1/01
629,27,27,22,4341,4341,40.4132831,-3.6955803,-3.6955803,40.4132831,10,2020-04-27T07:00:00Z,2020/1/01
630,27,27,22,4354,4354,40.4132831,-3.6955803,-3.6955803,40.4132831,8,2020-04-27T08:00:00Z,2020/1/01
631,27,27,22,4355,4355,40.4132831,-3.6955803,-3.6955803,40.4132831,9,2020-04-27T08:00:00Z,2020/1/01
632,27,27,22,4356,4356,40.4132831,-3.6955803,-3.6955803,40.4132831,10,2020-04-27T08:00:00Z,2020/1/01
633,27,27,22,4357,4357,40.4132831,-3.6955803,-3.6955803,40.4132831,39,2020-04-27T08:00:00Z,2020/1/01
634,27,27,22,4358,4358,40.4132831,-3.6955803,-3.6955803,40.4132831,9,2020-04-27T08:00:00Z,2020/1/01
635,27,27,22,4359,4359,40.4132831,-3.6955803,-3.6955803,40.4132831,14,2020-04-27T08:00:00Z,2020/1/01
636,27,27,22,4360,4360,40.4132831,-3.6955803,-3.6955803,40.4132831,65,2020-04-27T08:00:00Z,2020/1/01
637,27,27,22,4361,4361,40.4132831,-3.6955803,-3.6955803,40.4132831,7,2020-04-27T08:00:00Z,2020/1/01
638,27,27,22,4362,4362,40.4132831,-3.6955803,-3.6955803,40.4132831,9,2020-04-27T08:00:00Z,2020/1/01
639,27,27,22,4363,4363,40.4132831,-3.6955803,-3.6955803,40.4132831,10,2020-04-27T08:00:00Z,2020/1/01
640,27,27,22,4364,4364,40.4132831,-3.6955803,-3.6955803,40.4132831,10,2020-04-27T08:00:00Z,2020/1/01
641,27,27,22,7401,7401,40.4132831,-3.6955803,-3.6955803,40.4132831,8,2020-04-27T07:00:00Z,2020/1/01
642,27,27,22,7402,7402,40.4132831,-3.6955803,-3.6955803,40.4132831,11,2020-04-27T07:00:00Z,2020/1/01
643,27,27,22,7403,7403,40.4132831,-3.6955803,-3.6955803,40.4132831,9,2020-04-27T07:00:00Z,2020/1/01
644,27,27,22,7418,7418,40.4132831,-3.6955803,-3.6955803,40.4132831,10,2020-04-27T08:00:00Z,2020/1/01
645,27,27,22,7419,7419,40.4132831,-3.6955803,-3.6955803,40.4132831,17,2020-04-27T08:00:00Z,2020/1/01
646,27,27,22,7420,7420,40.4132831,-3.6955803,-3.6955803,40.4132831,13,2020-04-27T08:00:00Z,2020/1/01
647,27,27,22,7421,7421,40.4132831,-3.6955803,-3.6955803,40.4132831,6,2020-04-27T08:00:00Z,2020/1/01
648,27,27,22,8256,8256,40.4132831,-3.6955803,-3.6955803,40.4132831,966,2020-04-28T11:00:00Z,2020/1/01
649,133,133,21,2956,2956,40.4471673,-3.7000292,-3.7000292,40.4471673,6,2020-04-25T11:00:00Z,2020/1/01
650,133,133,21,5120,5120,40.4471673,-3.7000292,-3.7000292,40.4471673,22,2020-04-28T09:00:00Z,2020/1/01
651,133,133,21,5122,5122,40.4471673,-3.7000292,-3.7000292,40.4471673,10,2020-04-28T09:00:00Z,2020/1/01
652,133,133,21,5123,5123,40.4471673,-3.7000292,-3.7000292,40.4471673,11,2020-04-28T09:00:00Z,2020/1/01
653,133,133,21,5124,5124,40.4471673,-3.7000292,-3.7000292,40.4471673,14,2020-04-28T09:00:00Z,2020/1/01
654,133,133,21,5126,5126,40.4471673,-3.7000292,-3.7000292,40.4471673,17,2020-04-28T09:00:00Z,2020/1/01
655,133,133,21,5127,5127,40.4471673,-3.7000292,-3.7000292,40.4471673,10,2020-04-28T09:00:00Z,2020/1/01
656,133,133,21,5128,5128,40.4471673,-3.7000292,-3.7000292,40.4471673,6,2020-04-28T09:00:00Z,2020/1/01
657,133,133,21,5129,5129,40.4471673,-3.7000292,-3.7000292,40.4471673,11,2020-04-28T09:00:00Z,2020/1/01
658,133,133,21,5130,5130,40.4471673,-3.7000292,-3.7000292,40.4471673,10,2020-04-28T09:00:00Z,2020/1/01
659,133,133,21,5131,5131,40.4471673,-3.7000292,-3.7000292,40.4471673,9,2020-04-28T09:00:00Z,2020/1/01
660,133,133,21,6495,6495,40.4471673,-3.7000292,-3.7000292,40.4471673,9,2020-04-29T23:00:00Z,2020/1/01
661,133,133,21,8162,8162,40.4471673,-3.7000292,-3.7000292,40.4471673,9,2020-04-28T09:00:00Z,2020/1/01
662,133,133,21,8163,8163,40.4471673,-3.7000292,-3.7000292,40.4471673,15,2020-04-28T09:00:00Z,2020/1/01
663,133,133,21,8164,8164,40.4471673,-3.7000292,-3.7000292,40.4471673,9,2020-04-28T09:00:00Z,2020/1/01
664,133,133,21,8165,8165,40.4471673,-3.7000292,-3.7000292,40.4471673,4,2020-04-28T09:00:00Z,2020/1/01
665,133,133,21,8166,8166,40.4471673,-3.7000292,-3.7000292,40.4471673,10,2020-04-28T09:00:00Z,2020/1/01
666,133,133,21,8167,8167,40.4471673,-3.7000292,-3.7000292,40.4471673,16,2020-04-28T09:00:00Z,2020/1/01
667,133,133,21,8168,8168,40.4471673,-3.7000292,-3.7000292,40.4471673,7,2020-04-28T09:00:00Z,2020/1/01
668,133,133,21,8189,8189,40.4471673,-3.7000292,-3.7000292,40.4471673,9,2020-04-28T09:00:00Z,2020/1/01
669,133,133,21,8190,8190,40.4471673,-3.7000292,-3.7000292,40.4471673,2,2020-04-28T09:00:00Z,2020/1/01
670,38,38,20,4042,4042,40.4112961,-3.7114443,-3.7114443,40.4112961,9,2020-04-27T06:00:00Z,2020/1/01
671,38,38,20,4043,4043,40.4112961,-3.7114443,-3.7114443,40.4112961,9,2020-04-27T06:00:00Z,2020/1/01
672,38,38,20,4044,4044,40.4112961,-3.7114443,-3.7114443,40.4112961,9,2020-04-27T06:00:00Z,2020/1/01
673,38,38,20,4045,4045,40.4112961,-3.7114443,-3.7114443,40.4112961,11,2020-04-27T06:00:00Z,2020/1/01
674,38,38,20,4046,4046,40.4112961,-3.7114443,-3.7114443,40.4112961,7,2020-04-27T06:00:00Z,2020/1/01
675,38,38,20,4047,4047,40.4112961,-3.7114443,-3.7114443,40.4112961,8,2020-04-27T06:00:00Z,2020/1/01
676,38,38,20,4048,4048,40.4112961,-3.7114443,-3.7114443,40.4112961,10,2020-04-27T06:00:00Z,2020/1/01
677,38,38,20,4049,4049,40.4112961,-3.7114443,-3.7114443,40.4112961,6,2020-04-27T06:00:00Z,2020/1/01
678,38,38,20,4050,4050,40.4112961,-3.7114443,-3.7114443,40.4112961,10,2020-04-27T06:00:00Z,2020/1/01
679,38,38,20,4051,4051,40.4112961,-3.7114443,-3.7114443,40.4112961,13,2020-04-27T06:00:00Z,2020/1/01
680,38,38,20,4052,4052,40.4112961,-3.7114443,-3.7114443,40.4112961,12,2020-04-27T06:00:00Z,2020/1/01
681,38,38,20,4073,4073,40.4112961,-3.7114443,-3.7114443,40.4112961,32,2020-04-27T06:00:00Z,2020/1/01
682,38,38,20,4074,4074,40.4112961,-3.7114443,-3.7114443,40.4112961,44,2020-04-27T06:00:00Z,2020/1/01
683,38,38,20,4080,4080,40.4112961,-3.7114443,-3.7114443,40.4112961,16,2020-04-27T06:00:00Z,2020/1/01
684,38,38,20,4085,4085,40.4112961,-3.7114443,-3.7114443,40.4112961,19,2020-04-27T06:00:00Z,2020/1/01
685,38,38,20,4103,4103,40.4112961,-3.7114443,-3.7114443,40.4112961,12,2020-04-27T06:00:00Z,2020/1/01
686,38,38,20,4105,4105,40.4112961,-3.7114443,-3.7114443,40.4112961,7,2020-04-27T06:00:00Z,2020/1/01
687,38,38,20,4108,4108,40.4112961,-3.7114443,-3.7114443,40.4112961,9,2020-04-27T06:00:00Z,2020/1/01
688,38,38,20,8340,8340,40.4112961,-3.7114443,-3.7114443,40.4112961,3747,2020-04-28T12:00:00Z,2020/1/01
689,38,38,20,9525,9525,40.4112961,-3.7114443,-3.7114443,40.4112961,8,2020-04-30T00:00:00Z,2020/1/01
690,150,150,19,2697,2697,40.4491125,-3.690541,-3.690541,40.4491125,2550,2020-04-25T00:00:00Z,2020/1/01
691,150,150,19,2704,2704,40.4491125,-3.690541,-3.690541,40.4491125,1010,2020-04-25T01:00:00Z,2020/1/01
692,150,150,19,2711,2711,40.4491125,-3.690541,-3.690541,40.4491125,2112,2020-04-25T02:00:00Z,2020/1/01
693,150,150,19,5812,5812,40.4491125,-3.690541,-3.690541,40.4491125,10,2020-04-29T07:00:00Z,2020/1/01
694,150,150,19,5813,5813,40.4491125,-3.690541,-3.690541,40.4491125,6,2020-04-29T07:00:00Z,2020/1/01
695,150,150,19,5814,5814,40.4491125,-3.690541,-3.690541,40.4491125,20,2020-04-29T07:00:00Z,2020/1/01
696,150,150,19,5815,5815,40.4491125,-3.690541,-3.690541,40.4491125,19,2020-04-29T07:00:00Z,2020/1/01
697,150,150,19,5816,5816,40.4491125,-3.690541,-3.690541,40.4491125,5,2020-04-29T07:00:00Z,2020/1/01
698,150,150,19,5817,5817,40.4491125,-3.690541,-3.690541,40.4491125,9,2020-04-29T07:00:00Z,2020/1/01
699,150,150,19,5831,5831,40.4491125,-3.690541,-3.690541,40.4491125,13,2020-04-29T08:00:00Z,2020/1/01
700,150,150,19,5838,5838,40.4491125,-3.690541,-3.690541,40.4491125,5,2020-04-29T08:00:00Z,2020/1/01
701,150,150,19,8845,8845,40.4491125,-3.690541,-3.690541,40.4491125,31,2020-04-29T07:00:00Z,2020/1/01
702,150,150,19,8848,8848,40.4491125,-3.690541,-3.690541,40.4491125,3,2020-04-29T07:00:00Z,2020/1/01
703,150,150,19,8849,8849,40.4491125,-3.690541,-3.690541,40.4491125,22,2020-04-29T07:00:00Z,2020/1/01
704,150,150,19,8871,8871,40.4491125,-3.690541,-3.690541,40.4491125,11,2020-04-29T08:00:00Z,2020/1/01
705,150,150,19,8872,8872,40.4491125,-3.690541,-3.690541,40.4491125,8,2020-04-29T08:00:00Z,2020/1/01
706,150,150,19,8873,8873,40.4491125,-3.690541,-3.690541,40.4491125,7,2020-04-29T08:00:00Z,2020/1/01
707,150,150,19,8882,8882,40.4491125,-3.690541,-3.690541,40.4491125,115,2020-04-29T08:00:00Z,2020/1/01
708,150,150,19,8883,8883,40.4491125,-3.690541,-3.690541,40.4491125,12,2020-04-29T08:00:00Z,2020/1/01
709,43,43,19,47,47,40.4100889,-3.7025446,-3.7025446,40.4100889,159151,2020-04-20T10:00:00Z,2020/1/01
710,43,43,19,2769,2769,40.4100889,-3.7025446,-3.7025446,40.4100889,2,2020-04-25T06:00:00Z,2020/1/01
711,43,43,19,3704,3704,40.4100889,-3.7025446,-3.7025446,40.4100889,3208,2020-04-26T14:00:00Z,2020/1/01
712,43,43,19,5076,5076,40.4100889,-3.7025446,-3.7025446,40.4100889,11,2020-04-28T08:00:00Z,2020/1/01
713,43,43,19,5078,5078,40.4100889,-3.7025446,-3.7025446,40.4100889,11,2020-04-28T08:00:00Z,2020/1/01
714,43,43,19,5079,5079,40.4100889,-3.7025446,-3.7025446,40.4100889,9,2020-04-28T08:00:00Z,2020/1/01
715,43,43,19,5081,5081,40.4100889,-3.7025446,-3.7025446,40.4100889,11,2020-04-28T08:00:00Z,2020/1/01
716,43,43,19,5082,5082,40.4100889,-3.7025446,-3.7025446,40.4100889,11,2020-04-28T08:00:00Z,2020/1/01
717,43,43,19,5083,5083,40.4100889,-3.7025446,-3.7025446,40.4100889,9,2020-04-28T08:00:00Z,2020/1/01
718,43,43,19,6229,6229,40.4100889,-3.7025446,-3.7025446,40.4100889,1728,2020-04-29T15:00:00Z,2020/1/01
719,43,43,19,6494,6494,40.4100889,-3.7025446,-3.7025446,40.4100889,21,2020-04-29T23:00:00Z,2020/1/01
720,43,43,19,7233,7233,40.4100889,-3.7025446,-3.7025446,40.4100889,1405,2020-04-30T18:00:00Z,2020/1/01
721,43,43,19,8114,8114,40.4100889,-3.7025446,-3.7025446,40.4100889,38,2020-04-28T08:00:00Z,2020/1/01
722,43,43,19,8115,8115,40.4100889,-3.7025446,-3.7025446,40.4100889,11,2020-04-28T08:00:00Z,2020/1/01
723,43,43,19,8116,8116,40.4100889,-3.7025446,-3.7025446,40.4100889,9,2020-04-28T08:00:00Z,2020/1/01
724,43,43,19,8117,8117,40.4100889,-3.7025446,-3.7025446,40.4100889,5,2020-04-28T08:00:00Z,2020/1/01
725,43,43,19,8900,8900,40.4100889,-3.7025446,-3.7025446,40.4100889,983,2020-04-29T08:00:00Z,2020/1/01
726,43,43,19,8911,8911,40.4100889,-3.7025446,-3.7025446,40.4100889,1700,2020-04-29T08:00:00Z,2020/1/01
727,43,43,19,8934,8934,40.4100889,-3.7025446,-3.7025446,40.4100889,558,2020-04-29T08:00:00Z,2020/1/01
728,136,136,18,51,51,40.4452833,-3.6908127,-3.6908127,40.4452833,23,2020-04-20T11:00:00Z,2020/1/01
729,136,136,18,2653,2653,40.4452833,-3.6908127,-3.6908127,40.4452833,430,2020-04-24T21:00:00Z,2020/1/01
730,136,136,18,5499,5499,40.4452833,-3.6908127,-3.6908127,40.4452833,7,2020-04-28T17:00:00Z,2020/1/01
731,136,136,18,5500,5500,40.4452833,-3.6908127,-3.6908127,40.4452833,7,2020-04-28T17:00:00Z,2020/1/01
732,136,136,18,5501,5501,40.4452833,-3.6908127,-3.6908127,40.4452833,11,2020-04-28T17:00:00Z,2020/1/01
733,136,136,18,5502,5502,40.4452833,-3.6908127,-3.6908127,40.4452833,7,2020-04-28T17:00:00Z,2020/1/01
734,136,136,18,5503,5503,40.4452833,-3.6908127,-3.6908127,40.4452833,10,2020-04-28T17:00:00Z,2020/1/01
735,136,136,18,5505,5505,40.4452833,-3.6908127,-3.6908127,40.4452833,10,2020-04-28T17:00:00Z,2020/1/01
736,136,136,18,5506,5506,40.4452833,-3.6908127,-3.6908127,40.4452833,9,2020-04-28T17:00:00Z,2020/1/01
737,136,136,18,5508,5508,40.4452833,-3.6908127,-3.6908127,40.4452833,5,2020-04-28T17:00:00Z,2020/1/01
738,136,136,18,5509,5509,40.4452833,-3.6908127,-3.6908127,40.4452833,7,2020-04-28T17:00:00Z,2020/1/01
739,136,136,18,5511,5511,40.4452833,-3.6908127,-3.6908127,40.4452833,7,2020-04-28T17:00:00Z,2020/1/01
740,136,136,18,8517,8517,40.4452833,-3.6908127,-3.6908127,40.4452833,10,2020-04-28T17:00:00Z,2020/1/01
741,136,136,18,8519,8519,40.4452833,-3.6908127,-3.6908127,40.4452833,8,2020-04-28T17:00:00Z,2020/1/01
742,136,136,18,8521,8521,40.4452833,-3.6908127,-3.6908127,40.4452833,13,2020-04-28T17:00:00Z,2020/1/01
743,136,136,18,8522,8522,40.4452833,-3.6908127,-3.6908127,40.4452833,11,2020-04-28T17:00:00Z,2020/1/01
744,136,136,18,8523,8523,40.4452833,-3.6908127,-3.6908127,40.4452833,4,2020-04-28T17:00:00Z,2020/1/01
745,136,136,18,8547,8547,40.4452833,-3.6908127,-3.6908127,40.4452833,14,2020-04-28T18:00:00Z,2020/1/01
746,135,135,18,49,49,40.4414845,-3.6928901,-3.6928901,40.4414845,8,2020-04-20T11:00:00Z,2020/1/01
747,135,135,18,50,50,40.4414845,-3.6928901,-3.6928901,40.4414845,9,2020-04-20T11:00:00Z,2020/1/01
748,135,135,18,1008,1008,40.4414845,-3.6928901,-3.6928901,40.4414845,8,2020-04-23T10:00:00Z,2020/1/01
749,135,135,18,1009,1009,40.4414845,-3.6928901,-3.6928901,40.4414845,7,2020-04-23T10:00:00Z,2020/1/01
750,135,135,18,1676,1676,40.4414845,-3.6928901,-3.6928901,40.4414845,3,2020-04-24T06:00:00Z,2020/1/01
751,135,135,18,1677,1677,40.4414845,-3.6928901,-3.6928901,40.4414845,12,2020-04-24T06:00:00Z,2020/1/01
752,135,135,18,3338,3338,40.4414845,-3.6928901,-3.6928901,40.4414845,341,2020-04-26T03:00:00Z,2020/1/01
753,135,135,18,5482,5482,40.4414845,-3.6928901,-3.6928901,40.4414845,10,2020-04-28T17:00:00Z,2020/1/01
754,135,135,18,5483,5483,40.4414845,-3.6928901,-3.6928901,40.4414845,14,2020-04-28T17:00:00Z,2020/1/01
755,135,135,18,5484,5484,40.4414845,-3.6928901,-3.6928901,40.4414845,10,2020-04-28T17:00:00Z,2020/1/01
756,135,135,18,5485,5485,40.4414845,-3.6928901,-3.6928901,40.4414845,9,2020-04-28T17:00:00Z,2020/1/01
757,135,135,18,5486,5486,40.4414845,-3.6928901,-3.6928901,40.4414845,13,2020-04-28T17:00:00Z,2020/1/01
758,135,135,18,5488,5488,40.4414845,-3.6928901,-3.6928901,40.4414845,10,2020-04-28T17:00:00Z,2020/1/01
759,135,135,18,8504,8504,40.4414845,-3.6928901,-3.6928901,40.4414845,8,2020-04-28T17:00:00Z,2020/1/01
760,135,135,18,8505,8505,40.4414845,-3.6928901,-3.6928901,40.4414845,7,2020-04-28T17:00:00Z,2020/1/01
761,135,135,18,8506,8506,40.4414845,-3.6928901,-3.6928901,40.4414845,9,2020-04-28T17:00:00Z,2020/1/01
762,135,135,18,8507,8507,40.4414845,-3.6928901,-3.6928901,40.4414845,7,2020-04-28T17:00:00Z,2020/1/01
763,135,135,18,8508,8508,40.4414845,-3.6928901,-3.6928901,40.4414845,11,2020-04-28T17:00:00Z,2020/1/01
764,140,140,18,151,151,40.438628,-3.6829045,-3.6829127,40.4385198,16,2020-04-22T06:00:00Z,2020/1/01
765,140,140,18,152,152,40.438628,-3.6829045,-3.6829127,40.4385198,13,2020-04-22T06:00:00Z,2020/1/01
766,140,140,18,153,153,40.438628,-3.6829045,-3.6829127,40.4385198,10,2020-04-22T06:00:00Z,2020/1/01
767,140,140,18,5660,5660,40.438628,-3.6829045,-3.6829127,40.4385198,10,2020-04-29T05:00:00Z,2020/1/01
768,140,140,18,5661,5661,40.438628,-3.6829045,-3.6829127,40.4385198,9,2020-04-29T05:00:00Z,2020/1/01
769,140,140,18,5662,5662,40.438628,-3.6829045,-3.6829127,40.4385198,9,2020-04-29T05:00:00Z,2020/1/01
770,140,140,18,5663,5663,40.438628,-3.6829045,-3.6829127,40.4385198,10,2020-04-29T05:00:00Z,2020/1/01
771,140,140,18,5664,5664,40.438628,-3.6829045,-3.6829127,40.4385198,9,2020-04-29T05:00:00Z,2020/1/01
772,140,140,18,5665,5665,40.438628,-3.6829045,-3.6829127,40.4385198,8,2020-04-29T05:00:00Z,2020/1/01
773,140,140,18,5666,5666,40.438628,-3.6829045,-3.6829127,40.4385198,8,2020-04-29T05:00:00Z,2020/1/01
774,140,140,18,5676,5676,40.438628,-3.6829045,-3.6829127,40.4385198,5,2020-04-29T05:00:00Z,2020/1/01
775,140,140,18,5702,5702,40.438628,-3.6829045,-3.6829127,40.4385198,26,2020-04-29T06:00:00Z,2020/1/01
776,140,140,18,8689,8689,40.438628,-3.6829045,-3.6829127,40.4385198,10,2020-04-29T05:00:00Z,2020/1/01
777,140,140,18,8690,8690,40.438628,-3.6829045,-3.6829127,40.4385198,9,2020-04-29T05:00:00Z,2020/1/01
778,140,140,18,8691,8691,40.438628,-3.6829045,-3.6829127,40.4385198,9,2020-04-29T05:00:00Z,2020/1/01
779,140,140,18,8692,8692,40.438628,-3.6829045,-3.6829127,40.4385198,8,2020-04-29T05:00:00Z,2020/1/01
780,140,140,18,8702,8702,40.438628,-3.6829045,-3.6829127,40.4385198,9,2020-04-29T05:00:00Z,2020/1/01
781,140,140,18,8738,8738,40.438628,-3.6829045,-3.6829127,40.4385198,6,2020-04-29T06:00:00Z,2020/1/01
