,start_station,end_station,size,Unnamed: 0,index,start_station_Latitud,start_station_Longitud,end_station_Longitud,end_station_Latitud,travel_time,hour_time
0,90,180,17,511,511,40.4250878,-3.6837297,-3.6759244,40.3941252,605,2020-04-22T13:00:00Z
1,90,180,17,714,714,40.4250878,-3.6837297,-3.6759244,40.3941252,525,2020-04-22T21:00:00Z
2,90,180,17,1265,1265,40.4250878,-3.6837297,-3.6759244,40.3941252,672,2020-04-23T13:00:00Z
3,90,180,17,1562,1562,40.4250878,-3.6837297,-3.6759244,40.3941252,614,2020-04-23T21:00:00Z
4,90,180,17,2241,2241,40.4250878,-3.6837297,-3.6759244,40.3941252,661,2020-04-24T13:00:00Z
5,90,180,17,2654,2654,40.4250878,-3.6837297,-3.6759244,40.3941252,535,2020-04-24T21:00:00Z
6,90,180,17,3299,3299,40.4250878,-3.6837297,-3.6759244,40.3941252,760,2020-04-25T21:00:00Z
7,90,180,17,3670,3670,40.4250878,-3.6837297,-3.6759244,40.3941252,537,2020-04-26T13:00:00Z
8,90,180,17,3878,3878,40.4250878,-3.6837297,-3.6759244,40.3941252,547,2020-04-26T20:00:00Z
9,90,180,17,4652,4652,40.4250878,-3.6837297,-3.6759244,40.3941252,740,2020-04-27T13:00:00Z
10,90,180,17,5350,5350,40.4250878,-3.6837297,-3.6759244,40.3941252,658,2020-04-28T13:00:00Z
11,90,180,17,6453,6453,40.4250878,-3.6837297,-3.6759244,40.3941252,765,2020-04-29T20:00:00Z
12,90,180,17,7883,7883,40.4250878,-3.6837297,-3.6759244,40.3941252,605,2020-04-27T21:00:00Z
13,90,180,17,8610,8610,40.4250878,-3.6837297,-3.6759244,40.3941252,598,2020-04-28T20:00:00Z
14,90,180,17,9192,9192,40.4250878,-3.6837297,-3.6759244,40.3941252,694,2020-04-29T13:00:00Z
15,90,180,17,9994,9994,40.4250878,-3.6837297,-3.6759244,40.3941252,648,2020-04-30T13:00:00Z
16,90,180,17,10282,10282,40.4250878,-3.6837297,-3.6759244,40.3941252,589,2020-04-30T21:00:00Z
17,13,160,16,445,445,40.4273652,-3.7104727,-3.6766176,40.4571995,466,2020-04-22T12:00:00Z
18,13,160,16,757,757,40.4273652,-3.7104727,-3.6766176,40.4571995,468,2020-04-23T05:00:00Z
19,13,160,16,825,825,40.4273652,-3.7104727,-3.6766176,40.4571995,396,2020-04-23T06:00:00Z
20,13,160,16,1125,1125,40.4273652,-3.7104727,-3.6766176,40.4571995,344,2020-04-23T12:00:00Z
21,13,160,16,1615,1615,40.4273652,-3.7104727,-3.6766176,40.4571995,476,2020-04-24T05:00:00Z
22,13,160,16,1698,1698,40.4273652,-3.7104727,-3.6766176,40.4571995,445,2020-04-24T06:00:00Z
23,13,160,16,2770,2770,40.4273652,-3.7104727,-3.6766176,40.4571995,460,2020-04-25T06:00:00Z
24,13,160,16,3971,3971,40.4273652,-3.7104727,-3.6766176,40.4571995,514,2020-04-27T05:00:00Z
25,13,160,16,6593,6593,40.4273652,-3.7104727,-3.6766176,40.4571995,497,2020-04-30T06:00:00Z
26,13,160,16,7621,7621,40.4273652,-3.7104727,-3.6766176,40.4571995,411,2020-04-27T12:00:00Z
27,13,160,16,7647,7647,40.4273652,-3.7104727,-3.6766176,40.4571995,498,2020-04-27T12:00:00Z
28,13,160,16,7949,7949,40.4273652,-3.7104727,-3.6766176,40.4571995,492,2020-04-28T05:00:00Z
29,13,160,16,7994,7994,40.4273652,-3.7104727,-3.6766176,40.4571995,399,2020-04-28T06:00:00Z
30,13,160,16,8686,8686,40.4273652,-3.7104727,-3.6766176,40.4571995,558,2020-04-29T05:00:00Z
31,13,160,16,8758,8758,40.4273652,-3.7104727,-3.6766176,40.4571995,458,2020-04-29T06:00:00Z
32,13,160,16,9554,9554,40.4273652,-3.7104727,-3.6766176,40.4571995,662,2020-04-30T05:00:00Z
33,160,13,16,502,502,40.4571995,-3.6766176,-3.7104727,40.4273652,481,2020-04-22T13:00:00Z
34,160,13,16,693,693,40.4571995,-3.6766176,-3.7104727,40.4273652,400,2020-04-22T19:00:00Z
35,160,13,16,1214,1214,40.4571995,-3.6766176,-3.7104727,40.4273652,443,2020-04-23T13:00:00Z
36,160,13,16,2225,2225,40.4571995,-3.6766176,-3.7104727,40.4273652,421,2020-04-24T13:00:00Z
37,160,13,16,2322,2322,40.4571995,-3.6766176,-3.7104727,40.4273652,483,2020-04-24T15:00:00Z
38,160,13,16,3065,3065,40.4571995,-3.6766176,-3.7104727,40.4273652,374,2020-04-25T13:00:00Z
39,160,13,16,4813,4813,40.4571995,-3.6766176,-3.7104727,40.4273652,323,2020-04-27T20:00:00Z
40,160,13,16,5384,5384,40.4571995,-3.6766176,-3.7104727,40.4273652,420,2020-04-28T14:00:00Z
41,160,13,16,6081,6081,40.4571995,-3.6766176,-3.7104727,40.4273652,437,2020-04-29T12:00:00Z
42,160,13,16,6164,6164,40.4571995,-3.6766176,-3.7104727,40.4273652,484,2020-04-29T14:00:00Z
43,160,13,16,6435,6435,40.4571995,-3.6766176,-3.7104727,40.4273652,305,2020-04-29T20:00:00Z
44,160,13,16,7707,7707,40.4571995,-3.6766176,-3.7104727,40.4273652,519,2020-04-27T14:00:00Z
45,160,13,16,7855,7855,40.4571995,-3.6766176,-3.7104727,40.4273652,425,2020-04-27T19:00:00Z
46,160,13,16,8350,8350,40.4571995,-3.6766176,-3.7104727,40.4273652,377,2020-04-28T13:00:00Z
47,160,13,16,8594,8594,40.4571995,-3.6766176,-3.7104727,40.4273652,374,2020-04-28T20:00:00Z
48,160,13,16,9913,9913,40.4571995,-3.6766176,-3.7104727,40.4273652,398,2020-04-30T12:00:00Z
49,160,128,15,471,471,40.4571995,-3.6766176,-3.7156915,40.4390391,1080,2020-04-22T13:00:00Z
50,160,128,15,475,475,40.4571995,-3.6766176,-3.7156915,40.4390391,908,2020-04-22T13:00:00Z
51,160,128,15,1174,1174,40.4571995,-3.6766176,-3.7156915,40.4390391,974,2020-04-23T12:00:00Z
52,160,128,15,2281,2281,40.4571995,-3.6766176,-3.7156915,40.4390391,1429,2020-04-24T14:00:00Z
53,160,128,15,2282,2282,40.4571995,-3.6766176,-3.7156915,40.4390391,1380,2020-04-24T14:00:00Z
54,160,128,15,3044,3044,40.4571995,-3.6766176,-3.7156915,40.4390391,1144,2020-04-25T12:00:00Z
55,160,128,15,3341,3341,40.4571995,-3.6766176,-3.7156915,40.4390391,763,2020-04-26T03:00:00Z
56,160,128,15,3636,3636,40.4571995,-3.6766176,-3.7156915,40.4390391,1099,2020-04-26T12:00:00Z
57,160,128,15,4639,4639,40.4571995,-3.6766176,-3.7156915,40.4390391,1107,2020-04-27T13:00:00Z
58,160,128,15,5360,5360,40.4571995,-3.6766176,-3.7156915,40.4390391,931,2020-04-28T13:00:00Z
59,160,128,15,6108,6108,40.4571995,-3.6766176,-3.7156915,40.4390391,1053,2020-04-29T13:00:00Z
60,160,128,15,6951,6951,40.4571995,-3.6766176,-3.7156915,40.4390391,1109,2020-04-30T12:00:00Z
61,160,128,15,7006,7006,40.4571995,-3.6766176,-3.7156915,40.4390391,1077,2020-04-30T13:00:00Z
62,160,128,15,7685,7685,40.4571995,-3.6766176,-3.7156915,40.4390391,1199,2020-04-27T13:00:00Z
63,160,128,15,8352,8352,40.4571995,-3.6766176,-3.7156915,40.4390391,1108,2020-04-28T13:00:00Z
64,161,207,15,466,466,40.4221372,-3.7220624,-3.6973991,40.4630291,421,2020-04-22T13:00:00Z
65,161,207,15,540,540,40.4221372,-3.7220624,-3.6973991,40.4630291,576,2020-04-22T14:00:00Z
66,161,207,15,1128,1128,40.4221372,-3.7220624,-3.6973991,40.4630291,460,2020-04-23T12:00:00Z
67,161,207,15,1319,1319,40.4221372,-3.7220624,-3.6973991,40.4630291,489,2020-04-23T14:00:00Z
68,161,207,15,2116,2116,40.4221372,-3.7220624,-3.6973991,40.4630291,503,2020-04-24T12:00:00Z
69,161,207,15,2257,2257,40.4221372,-3.7220624,-3.6973991,40.4630291,559,2020-04-24T13:00:00Z
70,161,207,15,3994,3994,40.4221372,-3.7220624,-3.6973991,40.4630291,466,2020-04-27T05:00:00Z
71,161,207,15,5324,5324,40.4221372,-3.7220624,-3.6973991,40.4630291,406,2020-04-28T13:00:00Z
72,161,207,15,6947,6947,40.4221372,-3.7220624,-3.6973991,40.4630291,388,2020-04-30T12:00:00Z
73,161,207,15,7648,7648,40.4221372,-3.7220624,-3.6973991,40.4630291,452,2020-04-27T12:00:00Z
74,161,207,15,7714,7714,40.4221372,-3.7220624,-3.6973991,40.4630291,549,2020-04-27T14:00:00Z
75,161,207,15,8394,8394,40.4221372,-3.7220624,-3.6973991,40.4630291,545,2020-04-28T14:00:00Z
76,161,207,15,9154,9154,40.4221372,-3.7220624,-3.6973991,40.4630291,509,2020-04-29T12:00:00Z
77,161,207,15,9250,9250,40.4221372,-3.7220624,-3.6973991,40.4630291,538,2020-04-29T14:00:00Z
78,161,207,15,10060,10060,40.4221372,-3.7220624,-3.6973991,40.4630291,491,2020-04-30T15:00:00Z
79,94,67,14,616,616,40.4233686,-3.6907044,-3.6931349,40.410829,350,2020-04-22T17:00:00Z
80,94,67,14,1566,1566,40.4233686,-3.6907044,-3.6931349,40.410829,1518,2020-04-23T21:00:00Z
81,94,67,14,1567,1567,40.4233686,-3.6907044,-3.6931349,40.410829,1523,2020-04-23T21:00:00Z
82,94,67,14,2292,2292,40.4233686,-3.6907044,-3.6931349,40.410829,447,2020-04-24T14:00:00Z
83,94,67,14,2293,2293,40.4233686,-3.6907044,-3.6931349,40.410829,441,2020-04-24T14:00:00Z
84,94,67,14,2650,2650,40.4233686,-3.6907044,-3.6931349,40.410829,407,2020-04-24T21:00:00Z
85,94,67,14,2651,2651,40.4233686,-3.6907044,-3.6931349,40.410829,432,2020-04-24T21:00:00Z
86,94,67,14,3098,3098,40.4233686,-3.6907044,-3.6931349,40.410829,669,2020-04-25T14:00:00Z
87,94,67,14,3115,3115,40.4233686,-3.6907044,-3.6931349,40.410829,292,2020-04-25T15:00:00Z
88,94,67,14,3301,3301,40.4233686,-3.6907044,-3.6931349,40.410829,400,2020-04-25T21:00:00Z
89,94,67,14,3302,3302,40.4233686,-3.6907044,-3.6931349,40.410829,401,2020-04-25T21:00:00Z
90,94,67,14,4566,4566,40.4233686,-3.6907044,-3.6931349,40.410829,402,2020-04-27T12:00:00Z
91,94,67,14,6975,6975,40.4233686,-3.6907044,-3.6931349,40.410829,437,2020-04-30T13:00:00Z
92,94,67,14,10043,10043,40.4233686,-3.6907044,-3.6931349,40.410829,343,2020-04-30T15:00:00Z
93,199,41,13,664,664,40.4343244,-3.7148406,-3.6989898,40.412228,1272,2020-04-22T18:00:00Z
94,199,41,13,1123,1123,40.4343244,-3.7148406,-3.6989898,40.412228,1220,2020-04-23T12:00:00Z
95,199,41,13,1498,1498,40.4343244,-3.7148406,-3.6989898,40.412228,1353,2020-04-23T18:00:00Z
96,199,41,13,2168,2168,40.4343244,-3.7148406,-3.6989898,40.412228,1113,2020-04-24T12:00:00Z
97,199,41,13,2538,2538,40.4343244,-3.7148406,-3.6989898,40.412228,1263,2020-04-24T18:00:00Z
98,199,41,13,3019,3019,40.4343244,-3.7148406,-3.6989898,40.412228,1373,2020-04-25T12:00:00Z
99,199,41,13,4581,4581,40.4343244,-3.7148406,-3.6989898,40.412228,1255,2020-04-27T12:00:00Z
100,199,41,13,4787,4787,40.4343244,-3.7148406,-3.6989898,40.412228,1291,2020-04-27T18:00:00Z
101,199,41,13,5304,5304,40.4343244,-3.7148406,-3.6989898,40.412228,1250,2020-04-28T12:00:00Z
102,199,41,13,6399,6399,40.4343244,-3.7148406,-3.6989898,40.412228,1241,2020-04-29T18:00:00Z
103,199,41,13,8580,8580,40.4343244,-3.7148406,-3.6989898,40.412228,1146,2020-04-28T19:00:00Z
104,199,41,13,9156,9156,40.4343244,-3.7148406,-3.6989898,40.412228,1247,2020-04-29T12:00:00Z
105,199,41,13,9896,9896,40.4343244,-3.7148406,-3.6989898,40.412228,1227,2020-04-30T12:00:00Z
106,172,161,13,491,491,40.4008683,-3.6935448,-3.7219659,40.4220566,1046,2020-04-22T13:00:00Z
107,172,161,13,1238,1238,40.4008683,-3.6935448,-3.7219659,40.4220566,952,2020-04-23T13:00:00Z
108,172,161,13,1558,1558,40.4008683,-3.6935448,-3.7219659,40.4220566,582,2020-04-23T20:00:00Z
109,172,161,13,2213,2213,40.4008683,-3.6935448,-3.7219659,40.4220566,658,2020-04-24T13:00:00Z
110,172,161,13,2619,2619,40.4008683,-3.6935448,-3.7219659,40.4220566,643,2020-04-24T20:00:00Z
111,172,161,13,5337,5337,40.4008683,-3.6935448,-3.7219659,40.4220566,704,2020-04-28T13:00:00Z
112,172,161,13,5590,5590,40.4008683,-3.6935448,-3.7219659,40.4220566,640,2020-04-28T21:00:00Z
113,172,161,13,7296,7296,40.4008683,-3.6935448,-3.7219659,40.4220566,676,2020-04-30T20:00:00Z
114,172,161,13,7675,7675,40.4008683,-3.6935448,-3.7219659,40.4220566,697,2020-04-27T13:00:00Z
115,172,161,13,7871,7871,40.4008683,-3.6935448,-3.7219659,40.4220566,670,2020-04-27T20:00:00Z
116,172,161,13,9183,9183,40.4008683,-3.6935448,-3.7219659,40.4220566,759,2020-04-29T13:00:00Z
117,172,161,13,9490,9490,40.4008683,-3.6935448,-3.7219659,40.4220566,622,2020-04-29T20:00:00Z
118,172,161,13,9953,9953,40.4008683,-3.6935448,-3.7219659,40.4220566,642,2020-04-30T13:00:00Z
119,4,203,13,826,826,40.4285905,-3.7026739,-3.7144239,40.4417547,870,2020-04-23T06:00:00Z
120,4,203,13,1360,1360,40.4285905,-3.7026739,-3.7144239,40.4417547,904,2020-04-23T15:00:00Z
121,4,203,13,1703,1703,40.4285905,-3.7026739,-3.7144239,40.4417547,952,2020-04-24T06:00:00Z
122,4,203,13,2355,2355,40.4285905,-3.7026739,-3.7144239,40.4417547,1331,2020-04-24T15:00:00Z
123,4,203,13,2765,2765,40.4285905,-3.7026739,-3.7144239,40.4417547,772,2020-04-25T06:00:00Z
124,4,203,13,4114,4114,40.4285905,-3.7026739,-3.7144239,40.4417547,761,2020-04-27T06:00:00Z
125,4,203,13,4696,4696,40.4285905,-3.7026739,-3.7144239,40.4417547,707,2020-04-27T15:00:00Z
126,4,203,13,4917,4917,40.4285905,-3.7026739,-3.7144239,40.4417547,728,2020-04-28T05:00:00Z
127,4,203,13,5425,5425,40.4285905,-3.7026739,-3.7144239,40.4417547,784,2020-04-28T15:00:00Z
128,4,203,13,6592,6592,40.4285905,-3.7026739,-3.7144239,40.4417547,760,2020-04-30T06:00:00Z
129,4,203,13,8745,8745,40.4285905,-3.7026739,-3.7144239,40.4417547,714,2020-04-29T06:00:00Z
130,4,203,13,9297,9297,40.4285905,-3.7026739,-3.7144239,40.4417547,861,2020-04-29T15:00:00Z
131,4,203,13,10063,10063,40.4285905,-3.7026739,-3.7144239,40.4417547,710,2020-04-30T15:00:00Z
132,203,4,13,1535,1535,40.4417547,-3.7144239,-3.7026739,40.4285905,1023,2020-04-23T19:00:00Z
133,203,4,13,2156,2156,40.4417547,-3.7144239,-3.7026739,40.4285905,806,2020-04-24T12:00:00Z
134,203,4,13,2560,2560,40.4417547,-3.7144239,-3.7026739,40.4285905,764,2020-04-24T19:00:00Z
135,203,4,13,3066,3066,40.4417547,-3.7144239,-3.7026739,40.4285905,819,2020-04-25T13:00:00Z
136,203,4,13,3662,3662,40.4417547,-3.7144239,-3.7026739,40.4285905,619,2020-04-26T13:00:00Z
137,203,4,13,4608,4608,40.4417547,-3.7144239,-3.7026739,40.4285905,1077,2020-04-27T12:00:00Z
138,203,4,13,4793,4793,40.4417547,-3.7144239,-3.7026739,40.4285905,755,2020-04-27T19:00:00Z
139,203,4,13,5317,5317,40.4417547,-3.7144239,-3.7026739,40.4285905,813,2020-04-28T12:00:00Z
140,203,4,13,5555,5555,40.4417547,-3.7144239,-3.7026739,40.4285905,732,2020-04-28T19:00:00Z
141,203,4,13,6083,6083,40.4417547,-3.7144239,-3.7026739,40.4285905,776,2020-04-29T12:00:00Z
142,203,4,13,6962,6962,40.4417547,-3.7144239,-3.7026739,40.4285905,842,2020-04-30T12:00:00Z
143,203,4,13,7236,7236,40.4417547,-3.7144239,-3.7026739,40.4285905,712,2020-04-30T18:00:00Z
144,203,4,13,9480,9480,40.4417547,-3.7144239,-3.7026739,40.4285905,865,2020-04-29T19:00:00Z
145,43,160,13,1877,1877,40.4100889,-3.7025446,-3.6766176,40.4571995,1197,2020-04-24T08:00:00Z
146,43,160,13,4824,4824,40.4100889,-3.7025446,-3.6766176,40.4571995,1739,2020-04-27T21:00:00Z
147,43,160,13,4825,4825,40.4100889,-3.7025446,-3.6766176,40.4571995,2162,2020-04-27T21:00:00Z
148,43,160,13,4895,4895,40.4100889,-3.7025446,-3.6766176,40.4571995,760,2020-04-28T05:00:00Z
149,43,160,13,5067,5067,40.4100889,-3.7025446,-3.6766176,40.4571995,988,2020-04-28T07:00:00Z
150,43,160,13,5862,5862,40.4100889,-3.7025446,-3.6766176,40.4571995,1240,2020-04-29T08:00:00Z
151,43,160,13,7790,7790,40.4100889,-3.7025446,-3.6766176,40.4571995,1318,2020-04-27T17:00:00Z
152,43,160,13,7889,7889,40.4100889,-3.7025446,-3.6766176,40.4571995,1982,2020-04-27T21:00:00Z
153,43,160,13,7890,7890,40.4100889,-3.7025446,-3.6766176,40.4571995,2044,2020-04-27T21:00:00Z
154,43,160,13,7891,7891,40.4100889,-3.7025446,-3.6766176,40.4571995,2040,2020-04-27T21:00:00Z
155,43,160,13,7892,7892,40.4100889,-3.7025446,-3.6766176,40.4571995,2108,2020-04-27T21:00:00Z
156,43,160,13,8695,8695,40.4100889,-3.7025446,-3.6766176,40.4571995,788,2020-04-29T05:00:00Z
157,43,160,13,9774,9774,40.4100889,-3.7025446,-3.6766176,40.4571995,1343,2020-04-30T09:00:00Z
158,166,168,13,1203,1203,40.4139396,-3.7133382,-3.6959159,40.4045828,542,2020-04-23T13:00:00Z
159,166,168,13,1696,1696,40.4139396,-3.7133382,-3.6959159,40.4045828,762,2020-04-24T06:00:00Z
160,166,168,13,2222,2222,40.4139396,-3.7133382,-3.6959159,40.4045828,697,2020-04-24T13:00:00Z
161,166,168,13,3028,3028,40.4139396,-3.7133382,-3.6959159,40.4045828,547,2020-04-25T12:00:00Z
162,166,168,13,3645,3645,40.4139396,-3.7133382,-3.6959159,40.4045828,601,2020-04-26T13:00:00Z
163,166,168,13,4810,4810,40.4139396,-3.7133382,-3.6959159,40.4045828,575,2020-04-27T20:00:00Z
164,166,168,13,5329,5329,40.4139396,-3.7133382,-3.6959159,40.4045828,591,2020-04-28T13:00:00Z
165,166,168,13,6181,6181,40.4139396,-3.7133382,-3.6959159,40.4045828,604,2020-04-29T14:00:00Z
166,166,168,13,6439,6439,40.4139396,-3.7133382,-3.6959159,40.4045828,564,2020-04-29T20:00:00Z
167,166,168,13,6969,6969,40.4139396,-3.7133382,-3.6959159,40.4045828,597,2020-04-30T13:00:00Z
168,166,168,13,7281,7281,40.4139396,-3.7133382,-3.6959159,40.4045828,524,2020-04-30T20:00:00Z
169,166,168,13,7662,7662,40.4139396,-3.7133382,-3.6959159,40.4045828,603,2020-04-27T13:00:00Z
170,166,168,13,9181,9181,40.4139396,-3.7133382,-3.6959159,40.4045828,520,2020-04-29T13:00:00Z
171,214,157,12,181,181,40.4434012,-3.6569597,-3.6893305,40.459282,631,2020-04-22T06:00:00Z
172,214,157,12,592,592,40.4434012,-3.6569597,-3.6893305,40.459282,738,2020-04-22T16:00:00Z
173,214,157,12,840,840,40.4434012,-3.6569597,-3.6893305,40.459282,519,2020-04-23T06:00:00Z
174,214,157,12,1407,1407,40.4434012,-3.6569597,-3.6893305,40.459282,680,2020-04-23T16:00:00Z
175,214,157,12,1713,1713,40.4434012,-3.6569597,-3.6893305,40.459282,578,2020-04-24T06:00:00Z
176,214,157,12,2452,2452,40.4434012,-3.6569597,-3.6893305,40.459282,702,2020-04-24T17:00:00Z
177,214,157,12,2767,2767,40.4434012,-3.6569597,-3.6893305,40.459282,616,2020-04-25T06:00:00Z
178,214,157,12,3167,3167,40.4434012,-3.6569597,-3.6893305,40.459282,681,2020-04-25T17:00:00Z
179,214,157,12,5728,5728,40.4434012,-3.6569597,-3.6893305,40.459282,514,2020-04-29T06:00:00Z
180,214,157,12,6293,6293,40.4434012,-3.6569597,-3.6893305,40.459282,425,2020-04-29T16:00:00Z
181,214,157,12,7129,7129,40.4434012,-3.6569597,-3.6893305,40.459282,530,2020-04-30T16:00:00Z
182,214,157,12,8509,8509,40.4434012,-3.6569597,-3.6893305,40.459282,616,2020-04-28T17:00:00Z
183,67,94,12,289,289,40.410829,-3.6931349,-3.6907044,40.4233686,369,2020-04-22T09:00:00Z
184,67,94,12,985,985,40.410829,-3.6931349,-3.6907044,40.4233686,529,2020-04-23T09:00:00Z
185,67,94,12,986,986,40.410829,-3.6931349,-3.6907044,40.4233686,643,2020-04-23T09:00:00Z
186,67,94,12,1987,1987,40.410829,-3.6931349,-3.6907044,40.4233686,382,2020-04-24T10:00:00Z
187,67,94,12,1988,1988,40.410829,-3.6931349,-3.6907044,40.4233686,391,2020-04-24T10:00:00Z
188,67,94,12,2483,2483,40.410829,-3.6931349,-3.6907044,40.4233686,380,2020-04-24T17:00:00Z
189,67,94,12,2484,2484,40.410829,-3.6931349,-3.6907044,40.4233686,471,2020-04-24T17:00:00Z
190,67,94,12,2940,2940,40.410829,-3.6931349,-3.6907044,40.4233686,355,2020-04-25T10:00:00Z
191,67,94,12,2942,2942,40.410829,-3.6931349,-3.6907044,40.4233686,367,2020-04-25T10:00:00Z
192,67,94,12,3186,3186,40.410829,-3.6931349,-3.6907044,40.4233686,367,2020-04-25T18:00:00Z
193,67,94,12,3187,3187,40.410829,-3.6931349,-3.6907044,40.4233686,391,2020-04-25T18:00:00Z
194,67,94,12,7571,7571,40.410829,-3.6931349,-3.6907044,40.4233686,378,2020-04-27T11:00:00Z
195,49,149,12,223,223,40.4060497,-3.6992427,-3.6878512,40.4498448,1447,2020-04-22T07:00:00Z
196,49,149,12,569,569,40.4060497,-3.6992427,-3.6878512,40.4498448,1202,2020-04-22T15:00:00Z
197,49,149,12,893,893,40.4060497,-3.6992427,-3.6878512,40.4498448,1406,2020-04-23T07:00:00Z
198,49,149,12,1867,1867,40.4060497,-3.6992427,-3.6878512,40.4498448,1194,2020-04-24T08:00:00Z
199,49,149,12,2368,2368,40.4060497,-3.6992427,-3.6878512,40.4498448,1140,2020-04-24T15:00:00Z
200,49,149,12,2417,2417,40.4060497,-3.6992427,-3.6878512,40.4498448,1223,2020-04-24T16:00:00Z
201,49,149,12,4294,4294,40.4060497,-3.6992427,-3.6878512,40.4498448,1100,2020-04-27T07:00:00Z
202,49,149,12,4979,4979,40.4060497,-3.6992427,-3.6878512,40.4498448,1064,2020-04-28T06:00:00Z
203,49,149,12,5473,5473,40.4060497,-3.6992427,-3.6878512,40.4498448,2264,2020-04-28T16:00:00Z
204,49,149,12,5851,5851,40.4060497,-3.6992427,-3.6878512,40.4498448,1291,2020-04-29T08:00:00Z
205,49,149,12,6254,6254,40.4060497,-3.6992427,-3.6878512,40.4498448,1188,2020-04-29T15:00:00Z
206,49,149,12,6682,6682,40.4060497,-3.6992427,-3.6878512,40.4498448,1342,2020-04-30T07:00:00Z
207,41,199,12,236,236,40.412228,-3.6989898,-3.7148406,40.4343244,1235,2020-04-22T07:00:00Z
208,41,199,12,556,556,40.412228,-3.6989898,-3.7148406,40.4343244,1259,2020-04-22T15:00:00Z
209,41,199,12,916,916,40.412228,-3.6989898,-3.7148406,40.4343244,1240,2020-04-23T07:00:00Z
210,41,199,12,1342,1342,40.412228,-3.6989898,-3.7148406,40.4343244,1217,2020-04-23T15:00:00Z
211,41,199,12,1816,1816,40.412228,-3.6989898,-3.7148406,40.4343244,1220,2020-04-24T07:00:00Z
212,41,199,12,2315,2315,40.412228,-3.6989898,-3.7148406,40.4343244,1345,2020-04-24T14:00:00Z
213,41,199,12,4680,4680,40.412228,-3.6989898,-3.7148406,40.4343244,1494,2020-04-27T14:00:00Z
214,41,199,12,5411,5411,40.412228,-3.6989898,-3.7148406,40.4343244,1388,2020-04-28T15:00:00Z
215,41,199,12,6216,6216,40.412228,-3.6989898,-3.7148406,40.4343244,1177,2020-04-29T15:00:00Z
216,41,199,12,6697,6697,40.412228,-3.6989898,-3.7148406,40.4343244,1185,2020-04-30T07:00:00Z
217,41,199,12,8843,8843,40.412228,-3.6989898,-3.7148406,40.4343244,1266,2020-04-29T07:00:00Z
218,41,199,12,10058,10058,40.412228,-3.6989898,-3.7148406,40.4343244,1201,2020-04-30T15:00:00Z
219,157,65,12,803,803,40.459282,-3.6893305,-3.6893825,40.4166859,1274,2020-04-23T05:00:00Z
220,157,65,12,817,817,40.459282,-3.6893305,-3.6893825,40.4166859,948,2020-04-23T06:00:00Z
221,157,65,12,1671,1671,40.459282,-3.6893305,-3.6893825,40.4166859,1120,2020-04-24T05:00:00Z
222,157,65,12,1699,1699,40.459282,-3.6893305,-3.6893825,40.4166859,794,2020-04-24T06:00:00Z
223,157,65,12,3441,3441,40.459282,-3.6893305,-3.6893825,40.4166859,1171,2020-04-26T07:00:00Z
224,157,65,12,4110,4110,40.459282,-3.6893305,-3.6893825,40.4166859,804,2020-04-27T06:00:00Z
225,157,65,12,4950,4950,40.459282,-3.6893305,-3.6893825,40.4166859,905,2020-04-28T06:00:00Z
226,157,65,12,6572,6572,40.459282,-3.6893305,-3.6893825,40.4166859,1052,2020-04-30T05:00:00Z
227,157,65,12,6591,6591,40.459282,-3.6893305,-3.6893825,40.4166859,800,2020-04-30T06:00:00Z
228,157,65,12,7962,7962,40.459282,-3.6893305,-3.6893825,40.4166859,1081,2020-04-28T05:00:00Z
229,157,65,12,8729,8729,40.459282,-3.6893305,-3.6893825,40.4166859,1071,2020-04-29T05:00:00Z
230,157,65,12,8760,8760,40.459282,-3.6893305,-3.6893825,40.4166859,927,2020-04-29T06:00:00Z
231,168,102,11,137,137,40.4045828,-3.6959159,-3.6840806,40.4211552,764,2020-04-22T05:00:00Z
232,168,102,11,761,761,40.4045828,-3.6959159,-3.6840806,40.4211552,782,2020-04-23T05:00:00Z
233,168,102,11,1616,1616,40.4045828,-3.6959159,-3.6840806,40.4211552,755,2020-04-24T05:00:00Z
234,168,102,11,2780,2780,40.4045828,-3.6959159,-3.6840806,40.4211552,874,2020-04-25T06:00:00Z
235,168,102,11,2781,2781,40.4045828,-3.6959159,-3.6840806,40.4211552,822,2020-04-25T06:00:00Z
236,168,102,11,4920,4920,40.4045828,-3.6959159,-3.6840806,40.4211552,740,2020-04-28T05:00:00Z
237,168,102,11,7367,7367,40.4045828,-3.6959159,-3.6840806,40.4211552,1033,2020-04-27T07:00:00Z
238,168,102,11,8755,8755,40.4045828,-3.6959159,-3.6840806,40.4211552,760,2020-04-29T06:00:00Z
239,168,102,11,8756,8756,40.4045828,-3.6959159,-3.6840806,40.4211552,758,2020-04-29T06:00:00Z
240,168,102,11,9615,9615,40.4045828,-3.6959159,-3.6840806,40.4211552,919,2020-04-30T06:00:00Z
241,168,102,11,9616,9616,40.4045828,-3.6959159,-3.6840806,40.4211552,1095,2020-04-30T06:00:00Z
242,201,30,11,552,552,40.4387323,-3.7038161,-3.7115428,40.4193355,828,2020-04-22T15:00:00Z
243,201,30,11,901,901,40.4387323,-3.7038161,-3.7115428,40.4193355,810,2020-04-23T07:00:00Z
244,201,30,11,1358,1358,40.4387323,-3.7038161,-3.7115428,40.4193355,862,2020-04-23T15:00:00Z
245,201,30,11,1784,1784,40.4387323,-3.7038161,-3.7115428,40.4193355,944,2020-04-24T07:00:00Z
246,201,30,11,2325,2325,40.4387323,-3.7038161,-3.7115428,40.4193355,861,2020-04-24T15:00:00Z
247,201,30,11,4323,4323,40.4387323,-3.7038161,-3.7115428,40.4193355,870,2020-04-27T07:00:00Z
248,201,30,11,5800,5800,40.4387323,-3.7038161,-3.7115428,40.4193355,886,2020-04-29T07:00:00Z
249,201,30,11,6195,6195,40.4387323,-3.7038161,-3.7115428,40.4193355,888,2020-04-29T14:00:00Z
250,201,30,11,7063,7063,40.4387323,-3.7038161,-3.7115428,40.4193355,877,2020-04-30T14:00:00Z
251,201,30,11,8082,8082,40.4387323,-3.7038161,-3.7115428,40.4193355,860,2020-04-28T07:00:00Z
252,201,30,11,8433,8433,40.4387323,-3.7038161,-3.7115428,40.4193355,909,2020-04-28T15:00:00Z
253,160,139,11,489,489,40.4571995,-3.6766176,-3.6904495,40.4393558,656,2020-04-22T13:00:00Z
254,160,139,11,1095,1095,40.4571995,-3.6766176,-3.6904495,40.4393558,980,2020-04-23T11:00:00Z
255,160,139,11,1219,1219,40.4571995,-3.6766176,-3.6904495,40.4393558,609,2020-04-23T13:00:00Z
256,160,139,11,1870,1870,40.4571995,-3.6766176,-3.6904495,40.4393558,716,2020-04-24T08:00:00Z
257,160,139,11,2055,2055,40.4571995,-3.6766176,-3.6904495,40.4393558,965,2020-04-24T11:00:00Z
258,160,139,11,2211,2211,40.4571995,-3.6766176,-3.6904495,40.4393558,756,2020-04-24T13:00:00Z
259,160,139,11,3064,3064,40.4571995,-3.6766176,-3.6904495,40.4393558,546,2020-04-25T13:00:00Z
260,160,139,11,4659,4659,40.4571995,-3.6766176,-3.6904495,40.4393558,931,2020-04-27T14:00:00Z
261,160,139,11,5239,5239,40.4571995,-3.6766176,-3.6904495,40.4393558,883,2020-04-28T11:00:00Z
262,160,139,11,5964,5964,40.4571995,-3.6766176,-3.6904495,40.4393558,860,2020-04-29T10:00:00Z
263,160,139,11,9964,9964,40.4571995,-3.6766176,-3.6904495,40.4393558,672,2020-04-30T13:00:00Z
264,65,87,11,465,465,40.4166859,-3.6893825,-3.6835631,40.4276717,450,2020-04-22T13:00:00Z
265,65,87,11,3059,3059,40.4166859,-3.6893825,-3.6835631,40.4276717,384,2020-04-25T13:00:00Z
266,65,87,11,3644,3644,40.4166859,-3.6893825,-3.6835631,40.4276717,437,2020-04-26T13:00:00Z
267,65,87,11,4215,4215,40.4166859,-3.6893825,-3.6835631,40.4276717,800,2020-04-27T06:00:00Z
268,65,87,11,4218,4218,40.4166859,-3.6893825,-3.6835631,40.4276717,927,2020-04-27T06:00:00Z
269,65,87,11,4219,4219,40.4166859,-3.6893825,-3.6835631,40.4276717,978,2020-04-27T06:00:00Z
270,65,87,11,4221,4221,40.4166859,-3.6893825,-3.6835631,40.4276717,964,2020-04-27T06:00:00Z
271,65,87,11,6588,6588,40.4166859,-3.6893825,-3.6835631,40.4276717,495,2020-04-30T06:00:00Z
272,65,87,11,9598,9598,40.4166859,-3.6893825,-3.6835631,40.4276717,538,2020-04-30T06:00:00Z
273,65,87,11,9599,9599,40.4166859,-3.6893825,-3.6835631,40.4276717,645,2020-04-30T06:00:00Z
274,65,87,11,9647,9647,40.4166859,-3.6893825,-3.6835631,40.4276717,414325,2020-04-30T06:00:00Z
275,160,163,10,1684,1684,40.4571995,-3.6766176,-3.7064372,40.4036349,677,2020-04-24T06:00:00Z
276,160,163,10,1685,1685,40.4571995,-3.6766176,-3.7064372,40.4036349,717,2020-04-24T06:00:00Z
277,160,163,10,1686,1686,40.4571995,-3.6766176,-3.7064372,40.4036349,761,2020-04-24T06:00:00Z
278,160,163,10,1687,1687,40.4571995,-3.6766176,-3.7064372,40.4036349,806,2020-04-24T06:00:00Z
279,160,163,10,1689,1689,40.4571995,-3.6766176,-3.7064372,40.4036349,839,2020-04-24T06:00:00Z
280,160,163,10,1690,1690,40.4571995,-3.6766176,-3.7064372,40.4036349,874,2020-04-24T06:00:00Z
281,160,163,10,1691,1691,40.4571995,-3.6766176,-3.7064372,40.4036349,1055,2020-04-24T06:00:00Z
282,160,163,10,1694,1694,40.4571995,-3.6766176,-3.7064372,40.4036349,1096,2020-04-24T06:00:00Z
283,160,163,10,1695,1695,40.4571995,-3.6766176,-3.7064372,40.4036349,1129,2020-04-24T06:00:00Z
284,160,163,10,2212,2212,40.4571995,-3.6766176,-3.7064372,40.4036349,369,2020-04-24T13:00:00Z
285,206,168,10,1386,1386,40.4607994,-3.6990499,-3.6959159,40.4045828,319,2020-04-23T16:00:00Z
286,206,168,10,2333,2333,40.4607994,-3.6990499,-3.6959159,40.4045828,406,2020-04-24T15:00:00Z
287,206,168,10,2916,2916,40.4607994,-3.6990499,-3.6959159,40.4045828,284,2020-04-25T10:00:00Z
288,206,168,10,4582,4582,40.4607994,-3.6990499,-3.6959159,40.4045828,384,2020-04-27T12:00:00Z
289,206,168,10,4711,4711,40.4607994,-3.6990499,-3.6959159,40.4045828,353,2020-04-27T16:00:00Z
290,206,168,10,6018,6018,40.4607994,-3.6990499,-3.6959159,40.4045828,300,2020-04-29T12:00:00Z
291,206,168,10,6269,6269,40.4607994,-3.6990499,-3.6959159,40.4045828,385,2020-04-29T16:00:00Z
292,206,168,10,6899,6899,40.4607994,-3.6990499,-3.6959159,40.4045828,299,2020-04-30T12:00:00Z
293,206,168,10,8292,8292,40.4607994,-3.6990499,-3.6959159,40.4045828,297,2020-04-28T12:00:00Z
294,206,168,10,10111,10111,40.4607994,-3.6990499,-3.6959159,40.4045828,304,2020-04-30T16:00:00Z
295,186,84,10,124,124,40.429069,-3.6782783,-3.6726923,40.4033695,242,2020-04-22T04:00:00Z
296,186,84,10,396,396,40.429069,-3.6782783,-3.6726923,40.4033695,227,2020-04-22T12:00:00Z
297,186,84,10,745,745,40.429069,-3.6782783,-3.6726923,40.4033695,233,2020-04-23T04:00:00Z
298,186,84,10,1590,1590,40.429069,-3.6782783,-3.6726923,40.4033695,307,2020-04-24T04:00:00Z
299,186,84,10,3946,3946,40.429069,-3.6782783,-3.6726923,40.4033695,252,2020-04-27T03:00:00Z
300,186,84,10,3949,3949,40.429069,-3.6782783,-3.6726923,40.4033695,267,2020-04-27T04:00:00Z
301,186,84,10,4879,4879,40.429069,-3.6782783,-3.6726923,40.4033695,279,2020-04-28T04:00:00Z
302,186,84,10,8683,8683,40.429069,-3.6782783,-3.6726923,40.4033695,325,2020-04-29T04:00:00Z
303,186,84,10,9546,9546,40.429069,-3.6782783,-3.6726923,40.4033695,239,2020-04-30T04:00:00Z
304,186,84,10,9871,9871,40.429069,-3.6782783,-3.6726923,40.4033695,251,2020-04-30T12:00:00Z
305,65,83,10,195,195,40.4166859,-3.6893825,-3.6745339,40.4132589,518,2020-04-22T06:00:00Z
306,65,83,10,1538,1538,40.4166859,-3.6893825,-3.6745339,40.4132589,634,2020-04-23T20:00:00Z
307,65,83,10,1721,1721,40.4166859,-3.6893825,-3.6745339,40.4132589,477,2020-04-24T06:00:00Z
308,65,83,10,2608,2608,40.4166859,-3.6893825,-3.6745339,40.4132589,554,2020-04-24T20:00:00Z
309,65,83,10,4229,4229,40.4166859,-3.6893825,-3.6745339,40.4132589,427,2020-04-27T06:00:00Z
310,65,83,10,5578,5578,40.4166859,-3.6893825,-3.6745339,40.4132589,521,2020-04-28T20:00:00Z
311,65,83,10,5744,5744,40.4166859,-3.6893825,-3.6745339,40.4132589,470,2020-04-29T06:00:00Z
312,65,83,10,6072,6072,40.4166859,-3.6893825,-3.6745339,40.4132589,580,2020-04-29T12:00:00Z
313,65,83,10,6629,6629,40.4166859,-3.6893825,-3.6745339,40.4132589,417,2020-04-30T06:00:00Z
314,65,83,10,7284,7284,40.4166859,-3.6893825,-3.6745339,40.4132589,476,2020-04-30T20:00:00Z
315,157,214,10,446,446,40.459282,-3.6893305,-3.6569597,40.4434012,574,2020-04-22T12:00:00Z
316,157,214,10,715,715,40.459282,-3.6893305,-3.6569597,40.4434012,432,2020-04-22T21:00:00Z
317,157,214,10,1173,1173,40.459282,-3.6893305,-3.6569597,40.4434012,707,2020-04-23T12:00:00Z
318,157,214,10,1564,1564,40.459282,-3.6893305,-3.6569597,40.4434012,519,2020-04-23T21:00:00Z
319,157,214,10,2660,2660,40.459282,-3.6893305,-3.6569597,40.4434012,653,2020-04-24T22:00:00Z
320,157,214,10,3291,3291,40.459282,-3.6893305,-3.6569597,40.4434012,773,2020-04-25T21:00:00Z
321,157,214,10,5312,5312,40.459282,-3.6893305,-3.6569597,40.4434012,585,2020-04-28T12:00:00Z
322,157,214,10,5595,5595,40.459282,-3.6893305,-3.6569597,40.4434012,568,2020-04-28T21:00:00Z
323,157,214,10,6970,6970,40.459282,-3.6893305,-3.6569597,40.4434012,564,2020-04-30T13:00:00Z
324,157,214,10,9141,9141,40.459282,-3.6893305,-3.6569597,40.4434012,474,2020-04-29T12:00:00Z
325,67,57,10,623,623,40.410829,-3.6931349,-3.7128181,40.4296363,983,2020-04-22T17:00:00Z
326,67,57,10,1540,1540,40.410829,-3.6931349,-3.7128181,40.4296363,875,2020-04-23T20:00:00Z
327,67,57,10,2944,2944,40.410829,-3.6931349,-3.7128181,40.4296363,1245,2020-04-25T10:00:00Z
328,67,57,10,4351,4351,40.410829,-3.6931349,-3.7128181,40.4296363,7844,2020-04-27T07:00:00Z
329,67,57,10,4352,4352,40.410829,-3.6931349,-3.7128181,40.4296363,7868,2020-04-27T07:00:00Z
330,67,57,10,6432,6432,40.410829,-3.6931349,-3.7128181,40.4296363,1476,2020-04-29T19:00:00Z
331,67,57,10,7415,7415,40.410829,-3.6931349,-3.7128181,40.4296363,7774,2020-04-27T07:00:00Z
332,67,57,10,7416,7416,40.410829,-3.6931349,-3.7128181,40.4296363,7824,2020-04-27T07:00:00Z
333,67,57,10,7635,7635,40.410829,-3.6931349,-3.7128181,40.4296363,764,2020-04-27T12:00:00Z
334,67,57,10,9937,9937,40.410829,-3.6931349,-3.7128181,40.4296363,741,2020-04-30T13:00:00Z
335,65,163,10,4982,4982,40.4166859,-3.6893825,-3.7064372,40.4036349,1922,2020-04-28T06:00:00Z
336,65,163,10,4983,4983,40.4166859,-3.6893825,-3.7064372,40.4036349,1975,2020-04-28T06:00:00Z
337,65,163,10,6643,6643,40.4166859,-3.6893825,-3.7064372,40.4036349,3181,2020-04-30T06:00:00Z
338,65,163,10,8029,8029,40.4166859,-3.6893825,-3.7064372,40.4036349,1852,2020-04-28T06:00:00Z
339,65,163,10,8032,8032,40.4166859,-3.6893825,-3.7064372,40.4036349,1892,2020-04-28T06:00:00Z
340,65,163,10,8033,8033,40.4166859,-3.6893825,-3.7064372,40.4036349,1947,2020-04-28T06:00:00Z
341,65,163,10,8059,8059,40.4166859,-3.6893825,-3.7064372,40.4036349,88998,2020-04-28T06:00:00Z
342,65,163,10,9639,9639,40.4166859,-3.6893825,-3.7064372,40.4036349,3182,2020-04-30T06:00:00Z
343,65,163,10,9642,9642,40.4166859,-3.6893825,-3.7064372,40.4036349,3192,2020-04-30T06:00:00Z
344,65,163,10,9643,9643,40.4166859,-3.6893825,-3.7064372,40.4036349,3256,2020-04-30T06:00:00Z
345,168,206,10,1229,1229,40.4045828,-3.6959159,-3.6990499,40.4607994,396,2020-04-23T13:00:00Z
346,168,206,10,2196,2196,40.4045828,-3.6959159,-3.6990499,40.4607994,471,2020-04-24T13:00:00Z
347,168,206,10,2838,2838,40.4045828,-3.6959159,-3.6990499,40.4607994,391,2020-04-25T08:00:00Z
348,168,206,10,4055,4055,40.4045828,-3.6959159,-3.6990499,40.4607994,320,2020-04-27T06:00:00Z
349,168,206,10,5704,5704,40.4045828,-3.6959159,-3.6990499,40.4607994,375,2020-04-29T06:00:00Z
350,168,206,10,6097,6097,40.4045828,-3.6959159,-3.6990499,40.4607994,390,2020-04-29T13:00:00Z
351,168,206,10,6582,6582,40.4045828,-3.6959159,-3.6990499,40.4607994,336,2020-04-30T06:00:00Z
352,168,206,10,7677,7677,40.4045828,-3.6959159,-3.6990499,40.4607994,349,2020-04-27T13:00:00Z
353,168,206,10,8355,8355,40.4045828,-3.6959159,-3.6990499,40.4607994,346,2020-04-28T13:00:00Z
354,168,206,10,9961,9961,40.4045828,-3.6959159,-3.6990499,40.4607994,306,2020-04-30T13:00:00Z
355,207,161,10,781,781,40.4630291,-3.6973991,-3.7219659,40.4220566,479,2020-04-23T05:00:00Z
356,207,161,10,934,934,40.4630291,-3.6973991,-3.7219659,40.4220566,495,2020-04-23T08:00:00Z
357,207,161,10,1634,1634,40.4630291,-3.6973991,-3.7219659,40.4220566,449,2020-04-24T05:00:00Z
358,207,161,10,3989,3989,40.4630291,-3.6973991,-3.7219659,40.4220566,441,2020-04-27T05:00:00Z
359,207,161,10,5080,5080,40.4630291,-3.6973991,-3.7219659,40.4220566,585,2020-04-28T08:00:00Z
360,207,161,10,5677,5677,40.4630291,-3.6973991,-3.7219659,40.4220566,427,2020-04-29T05:00:00Z
361,207,161,10,7458,7458,40.4630291,-3.6973991,-3.7219659,40.4220566,486,2020-04-27T08:00:00Z
362,207,161,10,7956,7956,40.4630291,-3.6973991,-3.7219659,40.4220566,410,2020-04-28T05:00:00Z
363,207,161,10,8875,8875,40.4630291,-3.6973991,-3.7219659,40.4220566,504,2020-04-29T08:00:00Z
364,207,161,10,9715,9715,40.4630291,-3.6973991,-3.7219659,40.4220566,515,2020-04-30T08:00:00Z
